D,function,method,seed,best,FEs
10,sphere,p=0.0,0,0.007944340272683972,10000
10,sphere,p=0.01,0,0.012431797544934153,10000
10,sphere,p=0.05,0,0.011917497864500767,10000
10,sphere,p=0.1,0,0.013517191097631075,10000
10,sphere,p=0.2,0,0.004496849677315921,10000
10,sphere,p=0.5,0,0.010406433119630996,10000
10,sphere,p=1.0,0,12.304304515813424,10000
10,sphere,"p=0.2,sigma=0.03",0,0.0006871304479942694,10000
10,sphere,"p=0.2,sigma=0.3",0,0.09000695450540375,10000
10,sphere,ML-BJS,0,0.017834145439089136,10000
10,sphere,ML-BJS free-probe,0,0.015362137376974944,10000
10,sphere,history-BJS,0,0.01195765322322692,10000
10,sphere,1/5-rule,0,0.0,10000
10,sphere,p=0.0,1,0.007644311348661047,10000
10,sphere,p=0.01,1,0.013420039294598972,10000
10,sphere,p=0.05,1,0.006614600657309445,10000
10,sphere,p=0.1,1,0.009617926993639283,10000
10,sphere,p=0.2,1,0.009375213649350529,10000
10,sphere,p=0.5,1,0.008784118041491658,10000
10,sphere,p=1.0,1,13.044137804547185,10000
10,sphere,"p=0.2,sigma=0.03",1,0.0006855280646836507,10000
10,sphere,"p=0.2,sigma=0.3",1,0.08775267883424512,10000
10,sphere,ML-BJS,1,0.018094279021635677,10000
10,sphere,ML-BJS free-probe,1,0.0176750837493729,10000
10,sphere,history-BJS,1,0.010143878452556647,10000
10,sphere,1/5-rule,1,2.465190328815662e-32,10000
10,sphere,p=0.0,2,0.009245500986798692,10000
10,sphere,p=0.01,2,0.010933714706568327,10000
10,sphere,p=0.05,2,0.0099569878360464,10000
10,sphere,p=0.1,2,0.010702709651524303,10000
10,sphere,p=0.2,2,0.008419401495182756,10000
10,sphere,p=0.5,2,0.007772328170687139,10000
10,sphere,p=1.0,2,11.201253302669143,10000
10,sphere,"p=0.2,sigma=0.03",2,0.0007856767070369612,10000
10,sphere,"p=0.2,sigma=0.3",2,0.10760649898253392,10000
10,sphere,ML-BJS,2,0.026768995683305773,10000
10,sphere,ML-BJS free-probe,2,0.011558119871019231,10000
10,sphere,history-BJS,2,0.005763123118848103,10000
10,sphere,1/5-rule,2,6.162975822039155e-32,10000
10,sphere,p=0.0,3,0.0049291067864113075,10000
10,sphere,p=0.01,3,0.007455066675408446,10000
10,sphere,p=0.05,3,0.009427556691921614,10000
10,sphere,p=0.1,3,0.007436754153024177,10000
10,sphere,p=0.2,3,0.007379314528456968,10000
10,sphere,p=0.5,3,0.011760049343371557,10000
10,sphere,p=1.0,3,11.767430145334227,10000
10,sphere,"p=0.2,sigma=0.03",3,0.0007945680966922293,10000
10,sphere,"p=0.2,sigma=0.3",3,0.07965502808583642,10000
10,sphere,ML-BJS,3,0.03242291674229499,10000
10,sphere,ML-BJS free-probe,3,0.015081188549085606,10000
10,sphere,history-BJS,3,0.013770239311171432,10000
10,sphere,1/5-rule,3,0.0,10000
10,sphere,p=0.0,4,0.009463986800592523,10000
10,sphere,p=0.01,4,0.009598553029671001,10000
10,sphere,p=0.05,4,0.013355096112103886,10000
10,sphere,p=0.1,4,0.011660866487919946,10000
10,sphere,p=0.2,4,0.007029168269773252,10000
10,sphere,p=0.5,4,0.013262317330981863,10000
10,sphere,p=1.0,4,17.561211982461458,10000
10,sphere,"p=0.2,sigma=0.03",4,0.0012818014163037995,10000
10,sphere,"p=0.2,sigma=0.3",4,0.123237779537931,10000
10,sphere,ML-BJS,4,0.03240901596800129,10000
10,sphere,ML-BJS free-probe,4,0.008117189987579885,10000
10,sphere,history-BJS,4,0.008537940711305963,10000
10,sphere,1/5-rule,4,0.0,10000
10,sphere,p=0.0,5,0.007469452930249346,10000
10,sphere,p=0.01,5,0.008738731575806978,10000
10,sphere,p=0.05,5,0.01046130608705216,10000
10,sphere,p=0.1,5,0.011441392976816985,10000
10,sphere,p=0.2,5,0.005037246825244226,10000
10,sphere,p=0.5,5,0.009463454947453724,10000
10,sphere,p=1.0,5,14.198587174608717,10000
10,sphere,"p=0.2,sigma=0.03",5,0.0009429134636469378,10000
10,sphere,"p=0.2,sigma=0.3",5,0.10890991078697264,10000
10,sphere,ML-BJS,5,0.025932454584285558,10000
10,sphere,ML-BJS free-probe,5,0.01082941537828045,10000
10,sphere,history-BJS,5,0.01599128728606517,10000
10,sphere,1/5-rule,5,1.509929076399593e-31,10000
10,sphere,p=0.0,6,0.011608482810061148,10000
10,sphere,p=0.01,6,0.008288278259141815,10000
10,sphere,p=0.05,6,0.009342568765357056,10000
10,sphere,p=0.1,6,0.005784826737382185,10000
10,sphere,p=0.2,6,0.011867875658037692,10000
10,sphere,p=0.5,6,0.01201566447806196,10000
10,sphere,p=1.0,6,11.047306292716222,10000
10,sphere,"p=0.2,sigma=0.03",6,0.0006095429922670228,10000
10,sphere,"p=0.2,sigma=0.3",6,0.08342789687648329,10000
10,sphere,ML-BJS,6,0.02873400999476663,10000
10,sphere,ML-BJS free-probe,6,0.015496897200201008,10000
10,sphere,history-BJS,6,0.010464028671461848,10000
10,sphere,1/5-rule,6,1.1093356479670479e-31,10000
10,sphere,p=0.0,7,0.00937952781932558,10000
10,sphere,p=0.01,7,0.009598493179363891,10000
10,sphere,p=0.05,7,0.008581038941819014,10000
10,sphere,p=0.1,7,0.010336023585245655,10000
10,sphere,p=0.2,7,0.010661026680170587,10000
10,sphere,p=0.5,7,0.013523495252968315,10000
10,sphere,p=1.0,7,14.67705268890069,10000
10,sphere,"p=0.2,sigma=0.03",7,0.001020608787331846,10000
10,sphere,"p=0.2,sigma=0.3",7,0.09058235267690162,10000
10,sphere,ML-BJS,7,0.02326254971843929,10000
10,sphere,ML-BJS free-probe,7,0.013289089406043942,10000
10,sphere,history-BJS,7,0.013807843139497435,10000
10,sphere,1/5-rule,7,1.4791141972893971e-31,10000
10,sphere,p=0.0,8,0.011098084023585792,10000
10,sphere,p=0.01,8,0.00883490090513585,10000
10,sphere,p=0.05,8,0.009307607096623193,10000
10,sphere,p=0.1,8,0.009014346280667844,10000
10,sphere,p=0.2,8,0.006585722536020413,10000
10,sphere,p=0.5,8,0.010382214270703587,10000
10,sphere,p=1.0,8,9.030566902296693,10000
10,sphere,"p=0.2,sigma=0.03",8,0.000810299299843011,10000
10,sphere,"p=0.2,sigma=0.3",8,0.0816180354069085,10000
10,sphere,ML-BJS,8,0.015319522381985865,10000
10,sphere,ML-BJS free-probe,8,0.012223479788240668,10000
10,sphere,history-BJS,8,0.009788090361897862,10000
10,sphere,1/5-rule,8,0.0,10000
10,sphere,p=0.0,9,0.013135534359093733,10000
10,sphere,p=0.01,9,0.008801002200095893,10000
10,sphere,p=0.05,9,0.008588293590213614,10000
10,sphere,p=0.1,9,0.010177688893720817,10000
10,sphere,p=0.2,9,0.01266349665994781,10000
10,sphere,p=0.5,9,0.006019557497850233,10000
10,sphere,p=1.0,9,15.512322752796132,10000
10,sphere,"p=0.2,sigma=0.03",9,0.001145633026013346,10000
10,sphere,"p=0.2,sigma=0.3",9,0.09178774615964565,10000
10,sphere,ML-BJS,9,0.023225805167500238,10000
10,sphere,ML-BJS free-probe,9,0.01173149685313311,10000
10,sphere,history-BJS,9,0.01051565791599849,10000
10,sphere,1/5-rule,9,6.162975822039155e-32,10000
10,sphere,p=0.0,10,0.012887760331127384,10000
10,sphere,p=0.01,10,0.006527936099525778,10000
10,sphere,p=0.05,10,0.012401680985566772,10000
10,sphere,p=0.1,10,0.010982110994967254,10000
10,sphere,p=0.2,10,0.008190953610078851,10000
10,sphere,p=0.5,10,0.008847812130364903,10000
10,sphere,p=1.0,10,12.997906163632315,10000
10,sphere,"p=0.2,sigma=0.03",10,0.0006433896234429899,10000
10,sphere,"p=0.2,sigma=0.3",10,0.0792317230828188,10000
10,sphere,ML-BJS,10,0.038438602870178584,10000
10,sphere,ML-BJS free-probe,10,0.012117295305313306,10000
10,sphere,history-BJS,10,0.0059345783739464825,10000
10,sphere,1/5-rule,10,6.162975822039155e-32,10000
10,sphere,p=0.0,11,0.008019585377638286,10000
10,sphere,p=0.01,11,0.007988186718422875,10000
10,sphere,p=0.05,11,0.010346615958029512,10000
10,sphere,p=0.1,11,0.011257813231705768,10000
10,sphere,p=0.2,11,0.012371408927895367,10000
10,sphere,p=0.5,11,0.013622690499689886,10000
10,sphere,p=1.0,11,10.734367191282745,10000
10,sphere,"p=0.2,sigma=0.03",11,0.0007057075955744568,10000
10,sphere,"p=0.2,sigma=0.3",11,0.034278138793264745,10000
10,sphere,ML-BJS,11,0.017892808057100494,10000
10,sphere,ML-BJS free-probe,11,0.009703651225907271,10000
10,sphere,history-BJS,11,0.007752863583744167,10000
10,sphere,1/5-rule,11,4.930380657631324e-32,10000
10,sphere,p=0.0,12,0.007993991178882899,10000
10,sphere,p=0.01,12,0.010454571100164827,10000
10,sphere,p=0.05,12,0.007857635758169324,10000
10,sphere,p=0.1,12,0.007992448641192267,10000
10,sphere,p=0.2,12,0.00839364057921008,10000
10,sphere,p=0.5,12,0.014705643828609173,10000
10,sphere,p=1.0,12,8.289764531885238,10000
10,sphere,"p=0.2,sigma=0.03",12,0.0008826012581927993,10000
10,sphere,"p=0.2,sigma=0.3",12,0.06622026910866977,10000
10,sphere,ML-BJS,12,0.009499891013336608,10000
10,sphere,ML-BJS free-probe,12,0.013462224388090157,10000
10,sphere,history-BJS,12,0.009840107706627434,10000
10,sphere,1/5-rule,12,9.860761315262648e-32,10000
10,sphere,p=0.0,13,0.004715337977544457,10000
10,sphere,p=0.01,13,0.012031483224964496,10000
10,sphere,p=0.05,13,0.00840067262282448,10000
10,sphere,p=0.1,13,0.010860241740982443,10000
10,sphere,p=0.2,13,0.007995242351834124,10000
10,sphere,p=0.5,13,0.008704905966589476,10000
10,sphere,p=1.0,13,12.20732647606632,10000
10,sphere,"p=0.2,sigma=0.03",13,0.0009469807392930289,10000
10,sphere,"p=0.2,sigma=0.3",13,0.10570602909413478,10000
10,sphere,ML-BJS,13,0.04805595247214897,10000
10,sphere,ML-BJS free-probe,13,0.009157084764225677,10000
10,sphere,history-BJS,13,0.010346465010303596,10000
10,sphere,1/5-rule,13,1.232595164407831e-32,10000
10,sphere,p=0.0,14,0.00879764276615946,10000
10,sphere,p=0.01,14,0.011544791649440441,10000
10,sphere,p=0.05,14,0.01078599679543166,10000
10,sphere,p=0.1,14,0.010773535848575752,10000
10,sphere,p=0.2,14,0.009368455703334177,10000
10,sphere,p=0.5,14,0.008524670363091173,10000
10,sphere,p=1.0,14,16.119423654970287,10000
10,sphere,"p=0.2,sigma=0.03",14,0.0007388236460254562,10000
10,sphere,"p=0.2,sigma=0.3",14,0.039646051914543276,10000
10,sphere,ML-BJS,14,0.024813246261296353,10000
10,sphere,ML-BJS free-probe,14,0.008498885272172525,10000
10,sphere,history-BJS,14,0.0065887943672912975,10000
10,sphere,1/5-rule,14,1.1093356479670479e-31,10000
10,sphere,p=0.0,15,0.013450642972813455,10000
10,sphere,p=0.01,15,0.010797981491894877,10000
10,sphere,p=0.05,15,0.008799494038979757,10000
10,sphere,p=0.1,15,0.014655632413768828,10000
10,sphere,p=0.2,15,0.011890685520920019,10000
10,sphere,p=0.5,15,0.01579572712951302,10000
10,sphere,p=1.0,15,9.457725269916184,10000
10,sphere,"p=0.2,sigma=0.03",15,0.0007574730135043365,10000
10,sphere,"p=0.2,sigma=0.3",15,0.050988540798854676,10000
10,sphere,ML-BJS,15,0.03695034405097167,10000
10,sphere,ML-BJS free-probe,15,0.00886058189043727,10000
10,sphere,history-BJS,15,0.01302813535327035,10000
10,sphere,1/5-rule,15,7.395570986446986e-32,10000
10,sphere,p=0.0,16,0.005629161929197416,10000
10,sphere,p=0.01,16,0.009435632075275788,10000
10,sphere,p=0.05,16,0.007306258682432326,10000
10,sphere,p=0.1,16,0.00727816316262084,10000
10,sphere,p=0.2,16,0.007796267784922831,10000
10,sphere,p=0.5,16,0.01425241314828841,10000
10,sphere,p=1.0,16,14.134930687624294,10000
10,sphere,"p=0.2,sigma=0.03",16,0.0006189251961992493,10000
10,sphere,"p=0.2,sigma=0.3",16,0.09197439085924083,10000
10,sphere,ML-BJS,16,0.015875129646103676,10000
10,sphere,ML-BJS free-probe,16,0.014965021211650973,10000
10,sphere,history-BJS,16,0.013380531314667054,10000
10,sphere,1/5-rule,16,9.860761315262648e-32,10000
10,sphere,p=0.0,17,0.010290771093630208,10000
10,sphere,p=0.01,17,0.010532210952876672,10000
10,sphere,p=0.05,17,0.010756244976421645,10000
10,sphere,p=0.1,17,0.009245363333988982,10000
10,sphere,p=0.2,17,0.01110636067153276,10000
10,sphere,p=0.5,17,0.006497071865220349,10000
10,sphere,p=1.0,17,12.764424336421886,10000
10,sphere,"p=0.2,sigma=0.03",17,0.0007170301816928835,10000
10,sphere,"p=0.2,sigma=0.3",17,0.08759158889867188,10000
10,sphere,ML-BJS,17,0.024756766629395938,10000
10,sphere,ML-BJS free-probe,17,0.015857625547973743,10000
10,sphere,history-BJS,17,0.017862057674579112,10000
10,sphere,1/5-rule,17,6.317050217590134e-31,10000
10,sphere,p=0.0,18,0.010827997463280364,10000
10,sphere,p=0.01,18,0.010883529696309213,10000
10,sphere,p=0.05,18,0.012184389295568235,10000
10,sphere,p=0.1,18,0.009654448798708252,10000
10,sphere,p=0.2,18,0.0055936889392257895,10000
10,sphere,p=0.5,18,0.01178673540442064,10000
10,sphere,p=1.0,18,13.876266522373827,10000
10,sphere,"p=0.2,sigma=0.03",18,0.0007878340057383283,10000
10,sphere,"p=0.2,sigma=0.3",18,0.10516109467405302,10000
10,sphere,ML-BJS,18,0.03378293196763241,10000
10,sphere,ML-BJS free-probe,18,0.014666689544000277,10000
10,sphere,history-BJS,18,0.01784876322449024,10000
10,sphere,1/5-rule,18,9.860761315262648e-32,10000
10,sphere,p=0.0,19,0.017036163072871962,10000
10,sphere,p=0.01,19,0.011874208830149394,10000
10,sphere,p=0.05,19,0.014529909286150338,10000
10,sphere,p=0.1,19,0.010519478859951381,10000
10,sphere,p=0.2,19,0.00638156975368772,10000
10,sphere,p=0.5,19,0.011952968344917804,10000
10,sphere,p=1.0,19,12.302867613889022,10000
10,sphere,"p=0.2,sigma=0.03",19,0.0008332117382328333,10000
10,sphere,"p=0.2,sigma=0.3",19,0.05476833559751859,10000
10,sphere,ML-BJS,19,0.02897284145538275,10000
10,sphere,ML-BJS free-probe,19,0.011951803602846322,10000
10,sphere,history-BJS,19,0.010477234298567312,10000
10,sphere,1/5-rule,19,9.860761315262648e-32,10000
10,sphere,p=0.0,20,0.005856507875944975,10000
10,sphere,p=0.01,20,0.009205950286866053,10000
10,sphere,p=0.05,20,0.010051893060234275,10000
10,sphere,p=0.1,20,0.011893688494733996,10000
10,sphere,p=0.2,20,0.009262843221042606,10000
10,sphere,p=0.5,20,0.009811164720993049,10000
10,sphere,p=1.0,20,9.591214851831708,10000
10,sphere,"p=0.2,sigma=0.03",20,0.0009588414987676323,10000
10,sphere,"p=0.2,sigma=0.3",20,0.08492705388630369,10000
10,sphere,ML-BJS,20,0.020858306228807202,10000
10,sphere,ML-BJS free-probe,20,0.011343344402959839,10000
10,sphere,history-BJS,20,0.014914619145232521,10000
10,sphere,1/5-rule,20,4.930380657631324e-32,10000
10,sphere,p=0.0,21,0.012735412808709295,10000
10,sphere,p=0.01,21,0.00764214854776542,10000
10,sphere,p=0.05,21,0.009542873136503692,10000
10,sphere,p=0.1,21,0.013311626712887091,10000
10,sphere,p=0.2,21,0.006729668465004076,10000
10,sphere,p=0.5,21,0.005704661310999697,10000
10,sphere,p=1.0,21,11.725801257960521,10000
10,sphere,"p=0.2,sigma=0.03",21,0.0007059750447833845,10000
10,sphere,"p=0.2,sigma=0.3",21,0.10400293532383373,10000
10,sphere,ML-BJS,21,0.028984787162120135,10000
10,sphere,ML-BJS free-probe,21,0.007802779555266568,10000
10,sphere,history-BJS,21,0.01220924568031718,10000
10,sphere,1/5-rule,21,4.930380657631324e-32,10000
10,sphere,p=0.0,22,0.009068936944163128,10000
10,sphere,p=0.01,22,0.014302917888293892,10000
10,sphere,p=0.05,22,0.006104222834990637,10000
10,sphere,p=0.1,22,0.008443977653611797,10000
10,sphere,p=0.2,22,0.009050304815120317,10000
10,sphere,p=0.5,22,0.015647878582905374,10000
10,sphere,p=1.0,22,12.800356390069043,10000
10,sphere,"p=0.2,sigma=0.03",22,0.0008608600640774876,10000
10,sphere,"p=0.2,sigma=0.3",22,0.05104735778112879,10000
10,sphere,ML-BJS,22,0.02449654464387903,10000
10,sphere,ML-BJS free-probe,22,0.013197082263308253,10000
10,sphere,history-BJS,22,0.004418866268903638,10000
10,sphere,1/5-rule,22,3.0814879110195774e-33,10000
10,sphere,p=0.0,23,0.009810064578574465,10000
10,sphere,p=0.01,23,0.009962092262327605,10000
10,sphere,p=0.05,23,0.009725621864299833,10000
10,sphere,p=0.1,23,0.008652944265569553,10000
10,sphere,p=0.2,23,0.0058297301822512896,10000
10,sphere,p=0.5,23,0.007119933315650911,10000
10,sphere,p=1.0,23,8.9130068734182,10000
10,sphere,"p=0.2,sigma=0.03",23,0.001051916599723052,10000
10,sphere,"p=0.2,sigma=0.3",23,0.11182265842658821,10000
10,sphere,ML-BJS,23,0.03893574385333974,10000
10,sphere,ML-BJS free-probe,23,0.008074149040977396,10000
10,sphere,history-BJS,23,0.014344938052075562,10000
10,sphere,1/5-rule,23,9.860761315262648e-32,10000
10,sphere,p=0.0,24,0.009566497575938748,10000
10,sphere,p=0.01,24,0.009833329626574927,10000
10,sphere,p=0.05,24,0.01110620454921957,10000
10,sphere,p=0.1,24,0.006222888907618044,10000
10,sphere,p=0.2,24,0.007893646287729946,10000
10,sphere,p=0.5,24,0.0073732341404161355,10000
10,sphere,p=1.0,24,13.740702294951884,10000
10,sphere,"p=0.2,sigma=0.03",24,0.00038828678451439415,10000
10,sphere,"p=0.2,sigma=0.3",24,0.07270148481235099,10000
10,sphere,ML-BJS,24,0.03280993191481286,10000
10,sphere,ML-BJS free-probe,24,0.016308543591687905,10000
10,sphere,history-BJS,24,0.011531275546903287,10000
10,sphere,1/5-rule,24,0.0,10000
10,sphere,p=0.0,25,0.007815616008628783,10000
10,sphere,p=0.01,25,0.01248982331673566,10000
10,sphere,p=0.05,25,0.007158430340349918,10000
10,sphere,p=0.1,25,0.005117334546735595,10000
10,sphere,p=0.2,25,0.00974204199206766,10000
10,sphere,p=0.5,25,0.008071001422794323,10000
10,sphere,p=1.0,25,10.833364469070906,10000
10,sphere,"p=0.2,sigma=0.03",25,0.0006384505369458106,10000
10,sphere,"p=0.2,sigma=0.3",25,0.09299559712424055,10000
10,sphere,ML-BJS,25,0.042388578562954894,10000
10,sphere,ML-BJS free-probe,25,0.013492249967306948,10000
10,sphere,history-BJS,25,0.012678231932405483,10000
10,sphere,1/5-rule,25,6.162975822039155e-32,10000
10,sphere,p=0.0,26,0.005956331577346755,10000
10,sphere,p=0.01,26,0.0061205845235869916,10000
10,sphere,p=0.05,26,0.008597999729828798,10000
10,sphere,p=0.1,26,0.012027611427358656,10000
10,sphere,p=0.2,26,0.008013383060489482,10000
10,sphere,p=0.5,26,0.009973707858003238,10000
10,sphere,p=1.0,26,13.404846455577045,10000
10,sphere,"p=0.2,sigma=0.03",26,0.0010991775543430045,10000
10,sphere,"p=0.2,sigma=0.3",26,0.07369336564760014,10000
10,sphere,ML-BJS,26,0.02364236368527338,10000
10,sphere,ML-BJS free-probe,26,0.013144509326212991,10000
10,sphere,history-BJS,26,0.015214648519327967,10000
10,sphere,1/5-rule,26,0.0,10000
10,sphere,p=0.0,27,0.014366052822306153,10000
10,sphere,p=0.01,27,0.006687580154280295,10000
10,sphere,p=0.05,27,0.016117343733493057,10000
10,sphere,p=0.1,27,0.01083069182984108,10000
10,sphere,p=0.2,27,0.006753092208380191,10000
10,sphere,p=0.5,27,0.003933832347950989,10000
10,sphere,p=1.0,27,15.180935014954624,10000
10,sphere,"p=0.2,sigma=0.03",27,0.0006358774868809415,10000
10,sphere,"p=0.2,sigma=0.3",27,0.05084134970953655,10000
10,sphere,ML-BJS,27,0.03398584360695456,10000
10,sphere,ML-BJS free-probe,27,0.006015811679432101,10000
10,sphere,history-BJS,27,0.012762943581558687,10000
10,sphere,1/5-rule,27,5.238529448733282e-32,10000
10,sphere,p=0.0,28,0.009676292166631325,10000
10,sphere,p=0.01,28,0.010029858927080871,10000
10,sphere,p=0.05,28,0.010623850369946466,10000
10,sphere,p=0.1,28,0.008693434859427746,10000
10,sphere,p=0.2,28,0.011880868416197368,10000
10,sphere,p=0.5,28,0.01315470813357184,10000
10,sphere,p=1.0,28,11.548894149915663,10000
10,sphere,"p=0.2,sigma=0.03",28,0.0009743783331133467,10000
10,sphere,"p=0.2,sigma=0.3",28,0.1097727314872736,10000
10,sphere,ML-BJS,28,0.03946141864767161,10000
10,sphere,ML-BJS free-probe,28,0.01463404746738563,10000
10,sphere,history-BJS,28,0.012984312175219581,10000
10,sphere,1/5-rule,28,4.930380657631324e-32,10000
10,sphere,p=0.0,29,0.01085909685830129,10000
10,sphere,p=0.01,29,0.007602986338081574,10000
10,sphere,p=0.05,29,0.011219857412224133,10000
10,sphere,p=0.1,29,0.005222577142793928,10000
10,sphere,p=0.2,29,0.008925144895657553,10000
10,sphere,p=0.5,29,0.014967668128298937,10000
10,sphere,p=1.0,29,12.445916953725096,10000
10,sphere,"p=0.2,sigma=0.03",29,0.0011442881214209426,10000
10,sphere,"p=0.2,sigma=0.3",29,0.0967820666552003,10000
10,sphere,ML-BJS,29,0.024916507324903504,10000
10,sphere,ML-BJS free-probe,29,0.008395279353582004,10000
10,sphere,history-BJS,29,0.01017859272889128,10000
10,sphere,1/5-rule,29,1.232595164407831e-31,10000
10,rastrigin,p=0.0,0,30.33230724512765,10000
10,rastrigin,p=0.01,0,50.952379704348516,10000
10,rastrigin,p=0.05,0,60.047058794539964,10000
10,rastrigin,p=0.1,0,49.01970748958882,10000
10,rastrigin,p=0.2,0,41.3511848389805,10000
10,rastrigin,p=0.5,0,60.092428026682335,10000
10,rastrigin,p=1.0,0,61.406724806326245,10000
10,rastrigin,"p=0.2,sigma=0.03",0,76.7841590420206,10000
10,rastrigin,"p=0.2,sigma=0.3",0,66.13943201158631,10000
10,rastrigin,ML-BJS,0,47.14979031552802,10000
10,rastrigin,ML-BJS free-probe,0,40.69559918977867,10000
10,rastrigin,history-BJS,0,22.833763419446683,10000
10,rastrigin,1/5-rule,0,23.878971984429228,10000
10,rastrigin,p=0.0,1,63.69006091308341,10000
10,rastrigin,p=0.01,1,41.46240948540788,10000
10,rastrigin,p=0.05,1,92.57329938241679,10000
10,rastrigin,p=0.1,1,47.39731668745077,10000
10,rastrigin,p=0.2,1,75.85345579354735,10000
10,rastrigin,p=0.5,1,27.935392292698594,10000
10,rastrigin,p=1.0,1,80.06189351468836,10000
10,rastrigin,"p=0.2,sigma=0.03",1,46.001460066347654,10000
10,rastrigin,"p=0.2,sigma=0.3",1,53.63772811405114,10000
10,rastrigin,ML-BJS,1,71.87665092040915,10000
10,rastrigin,ML-BJS free-probe,1,55.33379050542941,10000
10,rastrigin,history-BJS,1,76.23189572589769,10000
10,rastrigin,1/5-rule,1,96.51034477327563,10000
10,rastrigin,p=0.0,2,25.05560710745766,10000
10,rastrigin,p=0.01,2,77.81968136376433,10000
10,rastrigin,p=0.05,2,58.97421789527221,10000
10,rastrigin,p=0.1,2,41.808823882057354,10000
10,rastrigin,p=0.2,2,48.37461102596942,10000
10,rastrigin,p=0.5,2,34.4724966314229,10000
10,rastrigin,p=1.0,2,71.55466143219977,10000
10,rastrigin,"p=0.2,sigma=0.03",2,53.915151355464005,10000
10,rastrigin,"p=0.2,sigma=0.3",2,70.1725439423939,10000
10,rastrigin,ML-BJS,2,69.2945430732841,10000
10,rastrigin,ML-BJS free-probe,2,35.99970393794749,10000
10,rastrigin,history-BJS,2,51.50773934570792,10000
10,rastrigin,1/5-rule,2,75.61651435565349,10000
10,rastrigin,p=0.0,3,25.39813899442275,10000
10,rastrigin,p=0.01,3,65.53918388091694,10000
10,rastrigin,p=0.05,3,68.98463097546127,10000
10,rastrigin,p=0.1,3,60.272663114385665,10000
10,rastrigin,p=0.2,3,72.99897753748141,10000
10,rastrigin,p=0.5,3,18.641515316048057,10000
10,rastrigin,p=1.0,3,69.45337491703367,10000
10,rastrigin,"p=0.2,sigma=0.03",3,64.91280543621664,10000
10,rastrigin,"p=0.2,sigma=0.3",3,41.78297466550401,10000
10,rastrigin,ML-BJS,3,88.06468213895482,10000
10,rastrigin,ML-BJS free-probe,3,81.22831400995324,10000
10,rastrigin,history-BJS,3,61.03025034269383,10000
10,rastrigin,1/5-rule,3,61.68687699359344,10000
10,rastrigin,p=0.0,4,36.70508674210545,10000
10,rastrigin,p=0.01,4,79.20509364447952,10000
10,rastrigin,p=0.05,4,77.67736558016801,10000
10,rastrigin,p=0.1,4,40.94439778083933,10000
10,rastrigin,p=0.2,4,56.999286267666434,10000
10,rastrigin,p=0.5,4,60.25211897830881,10000
10,rastrigin,p=1.0,4,66.34459075230575,10000
10,rastrigin,"p=0.2,sigma=0.03",4,66.82754913185113,10000
10,rastrigin,"p=0.2,sigma=0.3",4,31.873098019195254,10000
10,rastrigin,ML-BJS,4,46.01291458076611,10000
10,rastrigin,ML-BJS free-probe,4,32.85709244470266,10000
10,rastrigin,history-BJS,4,52.76903028516109,10000
10,rastrigin,1/5-rule,4,80.5911623071801,10000
10,rastrigin,p=0.0,5,49.25344539546619,10000
10,rastrigin,p=0.01,5,68.61646382867745,10000
10,rastrigin,p=0.05,5,43.03145943705648,10000
10,rastrigin,p=0.1,5,44.88681905057594,10000
10,rastrigin,p=0.2,5,46.532197032664115,10000
10,rastrigin,p=0.5,5,61.52395207520619,10000
10,rastrigin,p=1.0,5,73.69151778897051,10000
10,rastrigin,"p=0.2,sigma=0.03",5,52.90593606712242,10000
10,rastrigin,"p=0.2,sigma=0.3",5,64.01743011191843,10000
10,rastrigin,ML-BJS,5,81.9862781694602,10000
10,rastrigin,ML-BJS free-probe,5,54.728164935211595,10000
10,rastrigin,history-BJS,5,43.070988350577665,10000
10,rastrigin,1/5-rule,5,93.52526789654073,10000
10,rastrigin,p=0.0,6,49.04291407629469,10000
10,rastrigin,p=0.01,6,37.58630112266363,10000
10,rastrigin,p=0.05,6,53.90619317690359,10000
10,rastrigin,p=0.1,6,23.196674154373866,10000
10,rastrigin,p=0.2,6,50.99982931110729,10000
10,rastrigin,p=0.5,6,52.10857252501152,10000
10,rastrigin,p=1.0,6,69.18693835724636,10000
10,rastrigin,"p=0.2,sigma=0.03",6,80.76479837621642,10000
10,rastrigin,"p=0.2,sigma=0.3",6,76.87188531379049,10000
10,rastrigin,ML-BJS,6,24.98357710959432,10000
10,rastrigin,ML-BJS free-probe,6,50.39647768962448,10000
10,rastrigin,history-BJS,6,56.79607062697801,10000
10,rastrigin,1/5-rule,6,128.34826019591827,10000
10,rastrigin,p=0.0,7,34.41433067258109,10000
10,rastrigin,p=0.01,7,110.0964398774926,10000
10,rastrigin,p=0.05,7,79.4350278723079,10000
10,rastrigin,p=0.1,7,98.54600586514908,10000
10,rastrigin,p=0.2,7,29.74882426061474,10000
10,rastrigin,p=0.5,7,36.133700982059935,10000
10,rastrigin,p=1.0,7,60.29277980880194,10000
10,rastrigin,"p=0.2,sigma=0.03",7,66.92573930847271,10000
10,rastrigin,"p=0.2,sigma=0.3",7,52.23883921416561,10000
10,rastrigin,ML-BJS,7,60.042625014743486,10000
10,rastrigin,ML-BJS free-probe,7,59.66376853928962,10000
10,rastrigin,history-BJS,7,42.739082354087294,10000
10,rastrigin,1/5-rule,7,57.70705084085841,10000
10,rastrigin,p=0.0,8,35.7903851234055,10000
10,rastrigin,p=0.01,8,71.485618006924,10000
10,rastrigin,p=0.05,8,92.93032532714106,10000
10,rastrigin,p=0.1,8,49.13648328246893,10000
10,rastrigin,p=0.2,8,38.083646240014545,10000
10,rastrigin,p=0.5,8,33.71536370473824,10000
10,rastrigin,p=1.0,8,68.25150701771679,10000
10,rastrigin,"p=0.2,sigma=0.03",8,41.87634266856798,10000
10,rastrigin,"p=0.2,sigma=0.3",8,40.01727343132252,10000
10,rastrigin,ML-BJS,8,71.23098489520555,10000
10,rastrigin,ML-BJS free-probe,8,47.18593980185439,10000
10,rastrigin,history-BJS,8,50.192910507722054,10000
10,rastrigin,1/5-rule,8,74.62129426673928,10000
10,rastrigin,p=0.0,9,19.698149017258714,10000
10,rastrigin,p=0.01,9,99.18089963751744,10000
10,rastrigin,p=0.05,9,67.38655998474266,10000
10,rastrigin,p=0.1,9,31.20653932673254,10000
10,rastrigin,p=0.2,9,20.938436160784946,10000
10,rastrigin,p=0.5,9,35.71294659971089,10000
10,rastrigin,p=1.0,9,72.720465187532,10000
10,rastrigin,"p=0.2,sigma=0.03",9,65.81955114919344,10000
10,rastrigin,"p=0.2,sigma=0.3",9,31.267580536489845,10000
10,rastrigin,ML-BJS,9,46.0943347505258,10000
10,rastrigin,ML-BJS free-probe,9,43.24576207281075,10000
10,rastrigin,history-BJS,9,34.55953902618154,10000
10,rastrigin,1/5-rule,9,130.63344239155884,10000
10,rastrigin,p=0.0,10,44.55964767617105,10000
10,rastrigin,p=0.01,10,70.27667913373492,10000
10,rastrigin,p=0.05,10,73.64791444561816,10000
10,rastrigin,p=0.1,10,48.17486735802653,10000
10,rastrigin,p=0.2,10,64.25496248188092,10000
10,rastrigin,p=0.5,10,34.70219526540876,10000
10,rastrigin,p=1.0,10,76.18818097746937,10000
10,rastrigin,"p=0.2,sigma=0.03",10,60.873209456235735,10000
10,rastrigin,"p=0.2,sigma=0.3",10,63.93327416501657,10000
10,rastrigin,ML-BJS,10,61.90866467113034,10000
10,rastrigin,ML-BJS free-probe,10,29.757517724401296,10000
10,rastrigin,history-BJS,10,64.74416425567267,10000
10,rastrigin,1/5-rule,10,135.9225656236993,10000
10,rastrigin,p=0.0,11,32.15633075800882,10000
10,rastrigin,p=0.01,11,47.89407052001168,10000
10,rastrigin,p=0.05,11,43.615007836285926,10000
10,rastrigin,p=0.1,11,78.2213148160257,10000
10,rastrigin,p=0.2,11,85.32025001235073,10000
10,rastrigin,p=0.5,11,61.26812592841935,10000
10,rastrigin,p=1.0,11,67.09689484894822,10000
10,rastrigin,"p=0.2,sigma=0.03",11,39.98900935995992,10000
10,rastrigin,"p=0.2,sigma=0.3",11,49.73165436861831,10000
10,rastrigin,ML-BJS,11,59.706972559553336,10000
10,rastrigin,ML-BJS free-probe,11,37.989983998781724,10000
10,rastrigin,history-BJS,11,65.1641710000642,10000
10,rastrigin,1/5-rule,11,121.27751845874292,10000
10,rastrigin,p=0.0,12,29.590810971838067,10000
10,rastrigin,p=0.01,12,58.91405794183909,10000
10,rastrigin,p=0.05,12,65.88266240066054,10000
10,rastrigin,p=0.1,12,76.56829608752584,10000
10,rastrigin,p=0.2,12,34.69488466025575,10000
10,rastrigin,p=0.5,12,40.82541920523864,10000
10,rastrigin,p=1.0,12,81.17381230208383,10000
10,rastrigin,"p=0.2,sigma=0.03",12,62.89292980341034,10000
10,rastrigin,"p=0.2,sigma=0.3",12,65.08561436775008,10000
10,rastrigin,ML-BJS,12,52.67176882324563,10000
10,rastrigin,ML-BJS free-probe,12,62.97789603925904,10000
10,rastrigin,history-BJS,12,28.02175855294584,10000
10,rastrigin,1/5-rule,12,78.60131000385292,10000
10,rastrigin,p=0.0,13,41.821485239262955,10000
10,rastrigin,p=0.01,13,121.89832485262015,10000
10,rastrigin,p=0.05,13,31.927193365559702,10000
10,rastrigin,p=0.1,13,66.46719215259458,10000
10,rastrigin,p=0.2,13,65.12115780653615,10000
10,rastrigin,p=0.5,13,81.93501337875831,10000
10,rastrigin,p=1.0,13,68.84013470205332,10000
10,rastrigin,"p=0.2,sigma=0.03",13,57.71272439010314,10000
10,rastrigin,"p=0.2,sigma=0.3",13,70.03137708550761,10000
10,rastrigin,ML-BJS,13,37.680890208946515,10000
10,rastrigin,ML-BJS free-probe,13,78.81137855612533,10000
10,rastrigin,history-BJS,13,38.475627006417426,10000
10,rastrigin,1/5-rule,13,173.1214272065954,10000
10,rastrigin,p=0.0,14,15.696887108053929,10000
10,rastrigin,p=0.01,14,68.8353656478627,10000
10,rastrigin,p=0.05,14,31.23445867626762,10000
10,rastrigin,p=0.1,14,45.280650063111956,10000
10,rastrigin,p=0.2,14,62.15548603107935,10000
10,rastrigin,p=0.5,14,34.493812849861,10000
10,rastrigin,p=1.0,14,76.92657525733449,10000
10,rastrigin,"p=0.2,sigma=0.03",14,52.85725279993214,10000
10,rastrigin,"p=0.2,sigma=0.3",14,60.96340426279623,10000
10,rastrigin,ML-BJS,14,76.05842064903362,10000
10,rastrigin,ML-BJS free-probe,14,43.72113814847846,10000
10,rastrigin,history-BJS,14,58.30562050750685,10000
10,rastrigin,1/5-rule,14,103.47474200465024,10000
10,rastrigin,p=0.0,15,28.34868252574553,10000
10,rastrigin,p=0.01,15,45.04570321159683,10000
10,rastrigin,p=0.05,15,36.878807499047454,10000
10,rastrigin,p=0.1,15,68.25953685208268,10000
10,rastrigin,p=0.2,15,59.257785221713974,10000
10,rastrigin,p=0.5,15,44.65345949811936,10000
10,rastrigin,p=1.0,15,71.31393129889851,10000
10,rastrigin,"p=0.2,sigma=0.03",15,32.03604842305188,10000
10,rastrigin,"p=0.2,sigma=0.3",15,43.86738501853419,10000
10,rastrigin,ML-BJS,15,65.83369506352402,10000
10,rastrigin,ML-BJS free-probe,15,37.12451116963574,10000
10,rastrigin,history-BJS,15,54.2103881085234,10000
10,rastrigin,1/5-rule,15,131.13887706831778,10000
10,rastrigin,p=0.0,16,39.60956134337288,10000
10,rastrigin,p=0.01,16,72.96062927970159,10000
10,rastrigin,p=0.05,16,59.70233969196666,10000
10,rastrigin,p=0.1,16,78.8946837052197,10000
10,rastrigin,p=0.2,16,73.61586759316546,10000
10,rastrigin,p=0.5,16,45.31038002741036,10000
10,rastrigin,p=1.0,16,61.68391807699788,10000
10,rastrigin,"p=0.2,sigma=0.03",16,32.04126964521757,10000
10,rastrigin,"p=0.2,sigma=0.3",16,41.81148475583012,10000
10,rastrigin,ML-BJS,16,53.90441970892799,10000
10,rastrigin,ML-BJS free-probe,16,41.121191792218156,10000
10,rastrigin,history-BJS,16,69.53443498825399,10000
10,rastrigin,1/5-rule,16,75.61651435565341,10000
10,rastrigin,p=0.0,17,24.140102938191603,10000
10,rastrigin,p=0.01,17,52.198528115969836,10000
10,rastrigin,p=0.05,17,50.02490114235228,10000
10,rastrigin,p=0.1,17,60.86426237089745,10000
10,rastrigin,p=0.2,17,58.05202306614916,10000
10,rastrigin,p=0.5,17,52.28290017878032,10000
10,rastrigin,p=1.0,17,65.43626706314978,10000
10,rastrigin,"p=0.2,sigma=0.03",17,62.85513131289037,10000
10,rastrigin,"p=0.2,sigma=0.3",17,44.50968882637317,10000
10,rastrigin,ML-BJS,17,53.073671934807074,10000
10,rastrigin,ML-BJS free-probe,17,66.93930386965182,10000
10,rastrigin,history-BJS,17,29.26748809865002,10000
10,rastrigin,1/5-rule,17,61.68710715429809,10000
10,rastrigin,p=0.0,18,37.07307632843431,10000
10,rastrigin,p=0.01,18,57.66314702769866,10000
10,rastrigin,p=0.05,18,48.376586390323894,10000
10,rastrigin,p=0.1,18,43.48478092969442,10000
10,rastrigin,p=0.2,18,43.21858049661619,10000
10,rastrigin,p=0.5,18,57.36937315888608,10000
10,rastrigin,p=1.0,18,68.48599787016636,10000
10,rastrigin,"p=0.2,sigma=0.03",18,62.928291426482545,10000
10,rastrigin,"p=0.2,sigma=0.3",18,63.348282599336976,10000
10,rastrigin,ML-BJS,18,77.18158326788372,10000
10,rastrigin,ML-BJS free-probe,18,63.394944079438496,10000
10,rastrigin,history-BJS,18,56.468587965290546,10000
10,rastrigin,1/5-rule,18,61.687127351012485,10000
10,rastrigin,p=0.0,19,44.95156328396601,10000
10,rastrigin,p=0.01,19,42.62874653515258,10000
10,rastrigin,p=0.05,19,94.29472555321775,10000
10,rastrigin,p=0.1,19,91.45600896298663,10000
10,rastrigin,p=0.2,19,37.59408067162441,10000
10,rastrigin,p=0.5,19,39.25838688095017,10000
10,rastrigin,p=1.0,19,72.58437715102147,10000
10,rastrigin,"p=0.2,sigma=0.03",19,43.959022403413286,10000
10,rastrigin,"p=0.2,sigma=0.3",19,55.47254929974059,10000
10,rastrigin,ML-BJS,19,90.20228402364012,10000
10,rastrigin,ML-BJS free-probe,19,34.9345098734714,10000
10,rastrigin,history-BJS,19,38.2990478700057,10000
10,rastrigin,1/5-rule,19,115.41446069919797,10000
10,rastrigin,p=0.0,20,38.960190998754484,10000
10,rastrigin,p=0.01,20,31.122719899445116,10000
10,rastrigin,p=0.05,20,53.67174345227987,10000
10,rastrigin,p=0.1,20,67.80843869238228,10000
10,rastrigin,p=0.2,20,33.91412604373119,10000
10,rastrigin,p=0.5,20,63.220641647545925,10000
10,rastrigin,p=1.0,20,74.12487948958237,10000
10,rastrigin,"p=0.2,sigma=0.03",20,25.097323973386352,10000
10,rastrigin,"p=0.2,sigma=0.3",20,66.87143648351386,10000
10,rastrigin,ML-BJS,20,51.90141923153181,10000
10,rastrigin,ML-BJS free-probe,20,70.83854418235681,10000
10,rastrigin,history-BJS,20,70.87500107085913,10000
10,rastrigin,1/5-rule,20,55.717398242986285,10000
10,rastrigin,p=0.0,21,44.70620864509995,10000
10,rastrigin,p=0.01,21,82.18973290354569,10000
10,rastrigin,p=0.05,21,73.8127333581046,10000
10,rastrigin,p=0.1,21,46.29500748354629,10000
10,rastrigin,p=0.2,21,49.04092427246127,10000
10,rastrigin,p=0.5,21,72.7114324430165,10000
10,rastrigin,p=1.0,21,67.82544416445867,10000
10,rastrigin,"p=0.2,sigma=0.03",21,61.86329660852191,10000
10,rastrigin,"p=0.2,sigma=0.3",21,42.73721156027477,10000
10,rastrigin,ML-BJS,21,63.66963158739347,10000
10,rastrigin,ML-BJS free-probe,21,70.35087737099246,10000
10,rastrigin,history-BJS,21,57.112320494384036,10000
10,rastrigin,1/5-rule,21,143.7598051292835,10000
10,rastrigin,p=0.0,22,45.70984742135225,10000
10,rastrigin,p=0.01,22,58.881868555960295,10000
10,rastrigin,p=0.05,22,39.20583112493322,10000
10,rastrigin,p=0.1,22,69.04968764212174,10000
10,rastrigin,p=0.2,22,60.65143752323273,10000
10,rastrigin,p=0.5,22,49.45801178198535,10000
10,rastrigin,p=1.0,22,66.62050184523369,10000
10,rastrigin,"p=0.2,sigma=0.03",22,30.08563070577914,10000
10,rastrigin,"p=0.2,sigma=0.3",22,57.27736244711464,10000
10,rastrigin,ML-BJS,22,41.31060567308843,10000
10,rastrigin,ML-BJS free-probe,22,26.9969691128194,10000
10,rastrigin,history-BJS,22,46.823429404647285,10000
10,rastrigin,1/5-rule,22,124.63349228556567,10000
10,rastrigin,p=0.0,23,47.31320130118641,10000
10,rastrigin,p=0.01,23,83.57422793307913,10000
10,rastrigin,p=0.05,23,44.37953734456972,10000
10,rastrigin,p=0.1,23,51.81738881557852,10000
10,rastrigin,p=0.2,23,39.68225302530187,10000
10,rastrigin,p=0.5,23,69.66274042670264,10000
10,rastrigin,p=1.0,23,82.49788804938439,10000
10,rastrigin,"p=0.2,sigma=0.03",23,65.84784776647851,10000
10,rastrigin,"p=0.2,sigma=0.3",23,55.18981444086195,10000
10,rastrigin,ML-BJS,23,83.64484216930936,10000
10,rastrigin,ML-BJS free-probe,23,71.09921156273055,10000
10,rastrigin,history-BJS,23,56.09000736521217,10000
10,rastrigin,1/5-rule,23,55.71752034239258,10000
10,rastrigin,p=0.0,24,38.78720615695247,10000
10,rastrigin,p=0.01,24,88.87730765462608,10000
10,rastrigin,p=0.05,24,41.44990868669082,10000
10,rastrigin,p=0.1,24,44.686823878495446,10000
10,rastrigin,p=0.2,24,40.74232472705525,10000
10,rastrigin,p=0.5,24,36.38764057445967,10000
10,rastrigin,p=1.0,24,78.35093054110273,10000
10,rastrigin,"p=0.2,sigma=0.03",24,31.970432912106034,10000
10,rastrigin,"p=0.2,sigma=0.3",24,51.024609534971844,10000
10,rastrigin,ML-BJS,24,85.07726924130844,10000
10,rastrigin,ML-BJS free-probe,24,43.93415333105178,10000
10,rastrigin,history-BJS,24,69.01730170739117,10000
10,rastrigin,1/5-rule,24,88.55061994501419,10000
10,rastrigin,p=0.0,25,33.28714143522858,10000
10,rastrigin,p=0.01,25,47.40570328033363,10000
10,rastrigin,p=0.05,25,73.26616742082926,10000
10,rastrigin,p=0.1,25,44.10576299679056,10000
10,rastrigin,p=0.2,25,60.4690827931569,10000
10,rastrigin,p=0.5,25,72.9137179862718,10000
10,rastrigin,p=1.0,25,65.59197403874897,10000
10,rastrigin,"p=0.2,sigma=0.03",25,37.01239685680334,10000
10,rastrigin,"p=0.2,sigma=0.3",25,62.53720551440411,10000
10,rastrigin,ML-BJS,25,55.15413496412446,10000
10,rastrigin,ML-BJS free-probe,25,70.37649205423244,10000
10,rastrigin,history-BJS,25,28.06575432062013,10000
10,rastrigin,1/5-rule,25,196.00484273711766,10000
10,rastrigin,p=0.0,26,36.63649262120617,10000
10,rastrigin,p=0.01,26,61.33457034030067,10000
10,rastrigin,p=0.05,26,38.964918422981114,10000
10,rastrigin,p=0.1,26,36.400653141040365,10000
10,rastrigin,p=0.2,26,15.434475524410914,10000
10,rastrigin,p=0.5,26,55.24810656794535,10000
10,rastrigin,p=1.0,26,74.80093917910973,10000
10,rastrigin,"p=0.2,sigma=0.03",26,46.966523215804735,10000
10,rastrigin,"p=0.2,sigma=0.3",26,55.75371598473957,10000
10,rastrigin,ML-BJS,26,58.68878981466925,10000
10,rastrigin,ML-BJS free-probe,26,24.152401776036896,10000
10,rastrigin,history-BJS,26,28.98465583938973,10000
10,rastrigin,1/5-rule,26,125.36373006403322,10000
10,rastrigin,p=0.0,27,30.453639424464782,10000
10,rastrigin,p=0.01,27,77.13330581893106,10000
10,rastrigin,p=0.05,27,62.707216083367534,10000
10,rastrigin,p=0.1,27,51.66711450948815,10000
10,rastrigin,p=0.2,27,52.0983820473354,10000
10,rastrigin,p=0.5,27,55.60507033250819,10000
10,rastrigin,p=1.0,27,78.27893518961719,10000
10,rastrigin,"p=0.2,sigma=0.03",27,49.96046529849084,10000
10,rastrigin,"p=0.2,sigma=0.3",27,69.49804016170434,10000
10,rastrigin,ML-BJS,27,80.0464551033937,10000
10,rastrigin,ML-BJS free-probe,27,44.81563666854241,10000
10,rastrigin,history-BJS,27,45.222386815495824,10000
10,rastrigin,1/5-rule,27,67.65693294430008,10000
10,rastrigin,p=0.0,28,51.41021726183625,10000
10,rastrigin,p=0.01,28,106.76053007711712,10000
10,rastrigin,p=0.05,28,65.02616724513217,10000
10,rastrigin,p=0.1,28,38.31783774542679,10000
10,rastrigin,p=0.2,28,60.67596810472286,10000
10,rastrigin,p=0.5,28,50.163119190100204,10000
10,rastrigin,p=1.0,28,72.0023086988039,10000
10,rastrigin,"p=0.2,sigma=0.03",28,55.82701588003867,10000
10,rastrigin,"p=0.2,sigma=0.3",28,25.29092928923123,10000
10,rastrigin,ML-BJS,28,73.59556356869372,10000
10,rastrigin,ML-BJS free-probe,28,22.9008668923006,10000
10,rastrigin,history-BJS,28,70.57877317990231,10000
10,rastrigin,1/5-rule,28,163.19793283296886,10000
10,rastrigin,p=0.0,29,28.372193195452567,10000
10,rastrigin,p=0.01,29,92.94519648993506,10000
10,rastrigin,p=0.05,29,82.58671221511639,10000
10,rastrigin,p=0.1,29,80.04489128166125,10000
10,rastrigin,p=0.2,29,61.44104576697957,10000
10,rastrigin,p=0.5,29,54.19948901892444,10000
10,rastrigin,p=1.0,29,47.98256297169419,10000
10,rastrigin,"p=0.2,sigma=0.03",29,15.053596264261529,10000
10,rastrigin,"p=0.2,sigma=0.3",29,54.234630029833504,10000
10,rastrigin,ML-BJS,29,73.1347211932881,10000
10,rastrigin,ML-BJS free-probe,29,36.14946229175571,10000
10,rastrigin,history-BJS,29,49.62383034491393,10000
10,rastrigin,1/5-rule,29,93.52547263981484,10000
10,ackley,p=0.0,0,3.440454754392072,10000
10,ackley,p=0.01,0,5.926939504390479,10000
10,ackley,p=0.05,0,5.520801035607242,10000
10,ackley,p=0.1,0,5.878791435497082,10000
10,ackley,p=0.2,0,5.733680817355339,10000
10,ackley,p=0.5,0,3.942641646808227,10000
10,ackley,p=1.0,0,5.709997752392571,10000
10,ackley,"p=0.2,sigma=0.03",0,4.172777260543654,10000
10,ackley,"p=0.2,sigma=0.3",0,1.0543442711312392,10000
10,ackley,ML-BJS,0,6.32407423847048,10000
10,ackley,ML-BJS free-probe,0,3.9419186328471096,10000
10,ackley,history-BJS,0,4.9166277792415904,10000
10,ackley,1/5-rule,0,1.6462236331031304,10000
10,ackley,p=0.0,1,6.750504012903136,10000
10,ackley,p=0.01,1,7.295152795903274,10000
10,ackley,p=0.05,1,3.9690714019847353,10000
10,ackley,p=0.1,1,6.494489232931457,10000
10,ackley,p=0.2,1,5.241531709753023,10000
10,ackley,p=0.5,1,4.952381286063989,10000
10,ackley,p=1.0,1,5.189894854433355,10000
10,ackley,"p=0.2,sigma=0.03",1,6.496053527502401,10000
10,ackley,"p=0.2,sigma=0.3",1,0.9597482482240385,10000
10,ackley,ML-BJS,1,5.453851516175451,10000
10,ackley,ML-BJS free-probe,1,6.194635826755388,10000
10,ackley,history-BJS,1,5.537507906000304,10000
10,ackley,1/5-rule,1,8.36681809204612,10000
10,ackley,p=0.0,2,6.611424796465975,10000
10,ackley,p=0.01,2,6.722461360752973,10000
10,ackley,p=0.05,2,6.255711854561778,10000
10,ackley,p=0.1,2,5.875432869592078,10000
10,ackley,p=0.2,2,4.3701390889744225,10000
10,ackley,p=0.5,2,2.4277396836055876,10000
10,ackley,p=1.0,2,5.909741722653454,10000
10,ackley,"p=0.2,sigma=0.03",2,5.095730615059328,10000
10,ackley,"p=0.2,sigma=0.3",2,0.6899434660763828,10000
10,ackley,ML-BJS,2,6.32609051294348,10000
10,ackley,ML-BJS free-probe,2,5.878855589530179,10000
10,ackley,history-BJS,2,4.923504597134997,10000
10,ackley,1/5-rule,2,2.579927557029887,10000
10,ackley,p=0.0,3,6.859355057353229,10000
10,ackley,p=0.01,3,6.672287737830203,10000
10,ackley,p=0.05,3,5.509979345271351,10000
10,ackley,p=0.1,3,4.206688228161141,10000
10,ackley,p=0.2,3,4.815282846768497,10000
10,ackley,p=0.5,3,4.089256519560291,10000
10,ackley,p=1.0,3,5.2171164922557445,10000
10,ackley,"p=0.2,sigma=0.03",3,6.495065336243162,10000
10,ackley,"p=0.2,sigma=0.3",3,0.7720528501005686,10000
10,ackley,ML-BJS,3,4.563329103048165,10000
10,ackley,ML-BJS free-probe,3,5.043191411619077,10000
10,ackley,history-BJS,3,5.175144498644375,10000
10,ackley,1/5-rule,3,3.0265942766489045,10000
10,ackley,p=0.0,4,5.22001751636158,10000
10,ackley,p=0.01,4,5.617154142702567,10000
10,ackley,p=0.05,4,3.4559633142066457,10000
10,ackley,p=0.1,4,4.61242811861235,10000
10,ackley,p=0.2,4,5.791903758828219,10000
10,ackley,p=0.5,4,3.982700806803362,10000
10,ackley,p=1.0,4,5.503842397149075,10000
10,ackley,"p=0.2,sigma=0.03",4,5.194038511095293,10000
10,ackley,"p=0.2,sigma=0.3",4,0.8048215218109225,10000
10,ackley,ML-BJS,4,4.920965955548738,10000
10,ackley,ML-BJS free-probe,4,5.266173399824776,10000
10,ackley,history-BJS,4,6.031465301815331,10000
10,ackley,1/5-rule,4,10.17595321806561,10000
10,ackley,p=0.0,5,4.4855824632371935,10000
10,ackley,p=0.01,5,4.381256470242008,10000
10,ackley,p=0.05,5,5.861138603283855,10000
10,ackley,p=0.1,5,5.533663436201227,10000
10,ackley,p=0.2,5,4.917089319800823,10000
10,ackley,p=0.5,5,3.628494184941584,10000
10,ackley,p=1.0,5,5.349734736945489,10000
10,ackley,"p=0.2,sigma=0.03",5,5.097110460249052,10000
10,ackley,"p=0.2,sigma=0.3",5,0.6097664093573845,10000
10,ackley,ML-BJS,5,5.863070179947144,10000
10,ackley,ML-BJS free-probe,5,4.873688690163,10000
10,ackley,history-BJS,5,3.7896915439848695,10000
10,ackley,1/5-rule,5,3.027108422991106,10000
10,ackley,p=0.0,6,6.042374194971369,10000
10,ackley,p=0.01,6,5.326957162337518,10000
10,ackley,p=0.05,6,5.4328871634705855,10000
10,ackley,p=0.1,6,3.7892342006474817,10000
10,ackley,p=0.2,6,3.779334929984334,10000
10,ackley,p=0.5,6,3.8122002348681865,10000
10,ackley,p=1.0,6,4.585632164433761,10000
10,ackley,"p=0.2,sigma=0.03",6,4.668166814491698,10000
10,ackley,"p=0.2,sigma=0.3",6,0.4455952443689424,10000
10,ackley,ML-BJS,6,4.008615730757757,10000
10,ackley,ML-BJS free-probe,6,4.265054672229002,10000
10,ackley,history-BJS,6,4.070002874574321,10000
10,ackley,1/5-rule,6,9.353029928465736,10000
10,ackley,p=0.0,7,4.840549544681071,10000
10,ackley,p=0.01,7,8.071563326485958,10000
10,ackley,p=0.05,7,6.98443491371596,10000
10,ackley,p=0.1,7,5.087003664846289,10000
10,ackley,p=0.2,7,2.88598492333939,10000
10,ackley,p=0.5,7,3.43144079395038,10000
10,ackley,p=1.0,7,5.508066446435912,10000
10,ackley,"p=0.2,sigma=0.03",7,4.781743611650121,10000
10,ackley,"p=0.2,sigma=0.3",7,0.6596922583899851,10000
10,ackley,ML-BJS,7,5.889843874039279,10000
10,ackley,ML-BJS free-probe,7,5.041061744941143,10000
10,ackley,history-BJS,7,3.4648864236473185,10000
10,ackley,1/5-rule,7,9.215806512658892,10000
10,ackley,p=0.0,8,5.425354182211819,10000
10,ackley,p=0.01,8,5.6107964912136765,10000
10,ackley,p=0.05,8,5.812475758622721,10000
10,ackley,p=0.1,8,5.268946962625286,10000
10,ackley,p=0.2,8,4.4839957973801745,10000
10,ackley,p=0.5,8,4.603558434640849,10000
10,ackley,p=1.0,8,5.704219942260185,10000
10,ackley,"p=0.2,sigma=0.03",8,5.195381063148215,10000
10,ackley,"p=0.2,sigma=0.3",8,0.8681823043447641,10000
10,ackley,ML-BJS,8,4.91850556590839,10000
10,ackley,ML-BJS free-probe,8,5.956318404877589,10000
10,ackley,history-BJS,8,4.60573792138414,10000
10,ackley,1/5-rule,8,2.813596980233957,10000
10,ackley,p=0.0,9,5.243499678201214,10000
10,ackley,p=0.01,9,6.398654675026645,10000
10,ackley,p=0.05,9,7.015018067721979,10000
10,ackley,p=0.1,9,4.104382154957751,10000
10,ackley,p=0.2,9,5.252411311988087,10000
10,ackley,p=0.5,9,3.615307131762233,10000
10,ackley,p=1.0,9,5.859245813475361,10000
10,ackley,"p=0.2,sigma=0.03",9,5.655836051655648,10000
10,ackley,"p=0.2,sigma=0.3",9,0.706665256301044,10000
10,ackley,ML-BJS,9,5.362216332527936,10000
10,ackley,ML-BJS free-probe,9,2.887300399136365,10000
10,ackley,history-BJS,9,6.214747095360533,10000
10,ackley,1/5-rule,9,7.237995970778673,10000
10,ackley,p=0.0,10,7.394699252190003,10000
10,ackley,p=0.01,10,7.941988250418113,10000
10,ackley,p=0.05,10,5.4331221276962935,10000
10,ackley,p=0.1,10,5.796481682188709,10000
10,ackley,p=0.2,10,5.429440698474767,10000
10,ackley,p=0.5,10,5.812141757044952,10000
10,ackley,p=1.0,10,5.639660681520134,10000
10,ackley,"p=0.2,sigma=0.03",10,3.226798947498836,10000
10,ackley,"p=0.2,sigma=0.3",10,0.9911895556969843,10000
10,ackley,ML-BJS,10,5.414731816687155,10000
10,ackley,ML-BJS free-probe,10,5.440468597015389,10000
10,ackley,history-BJS,10,4.859527741166932,10000
10,ackley,1/5-rule,10,11.109404300665089,10000
10,ackley,p=0.0,11,6.783270726433457,10000
10,ackley,p=0.01,11,6.195521624553539,10000
10,ackley,p=0.05,11,4.638156975846165,10000
10,ackley,p=0.1,11,4.478343014706237,10000
10,ackley,p=0.2,11,3.9292238774663564,10000
10,ackley,p=0.5,11,5.507801607928801,10000
10,ackley,p=1.0,11,5.665765249260204,10000
10,ackley,"p=0.2,sigma=0.03",11,4.174538404730107,10000
10,ackley,"p=0.2,sigma=0.3",11,0.7815097925779289,10000
10,ackley,ML-BJS,11,6.054019136815594,10000
10,ackley,ML-BJS free-probe,11,6.021304778640598,10000
10,ackley,history-BJS,11,5.260254046510177,10000
10,ackley,1/5-rule,11,8.366821677267296,10000
10,ackley,p=0.0,12,6.123404203531983,10000
10,ackley,p=0.01,12,6.584766353046174,10000
10,ackley,p=0.05,12,7.500599558772558,10000
10,ackley,p=0.1,12,4.346303560589284,10000
10,ackley,p=0.2,12,4.350406112353106,10000
10,ackley,p=0.5,12,4.080606755530894,10000
10,ackley,p=1.0,12,6.230761199227786,10000
10,ackley,"p=0.2,sigma=0.03",12,5.655019177235328,10000
10,ackley,"p=0.2,sigma=0.3",12,0.6821645244360259,10000
10,ackley,ML-BJS,12,5.773650368116353,10000
10,ackley,ML-BJS free-probe,12,3.9646144710424065,10000
10,ackley,history-BJS,12,4.616097472366658,10000
10,ackley,1/5-rule,12,10.952913392593922,10000
10,ackley,p=0.0,13,6.26352927637933,10000
10,ackley,p=0.01,13,7.3835771697769665,10000
10,ackley,p=0.05,13,4.617033830170566,10000
10,ackley,p=0.1,13,6.467336265912927,10000
10,ackley,p=0.2,13,5.716442238470361,10000
10,ackley,p=0.5,13,4.216435812587751,10000
10,ackley,p=1.0,13,5.630229674014515,10000
10,ackley,"p=0.2,sigma=0.03",13,5.904512198499077,10000
10,ackley,"p=0.2,sigma=0.3",13,0.7993608128762273,10000
10,ackley,ML-BJS,13,6.602570669142459,10000
10,ackley,ML-BJS free-probe,13,4.812259884065369,10000
10,ackley,history-BJS,13,4.931211839904687,10000
10,ackley,1/5-rule,13,11.153015874224597,10000
10,ackley,p=0.0,14,6.015670498953003,10000
10,ackley,p=0.01,14,6.311616202498161,10000
10,ackley,p=0.05,14,5.439990728605455,10000
10,ackley,p=0.1,14,6.349410439872077,10000
10,ackley,p=0.2,14,4.208392458678816,10000
10,ackley,p=0.5,14,4.474066674625707,10000
10,ackley,p=1.0,14,5.195960259658111,10000
10,ackley,"p=0.2,sigma=0.03",14,4.174147443421713,10000
10,ackley,"p=0.2,sigma=0.3",14,0.9204118355544684,10000
10,ackley,ML-BJS,14,4.036229624477734,10000
10,ackley,ML-BJS free-probe,14,5.717028876014094,10000
10,ackley,history-BJS,14,5.049662236718582,10000
10,ackley,1/5-rule,14,10.36484243528735,10000
10,ackley,p=0.0,15,5.758258029491369,10000
10,ackley,p=0.01,15,7.588234892936013,10000
10,ackley,p=0.05,15,4.9587827664819635,10000
10,ackley,p=0.1,15,5.954757344936461,10000
10,ackley,p=0.2,15,2.6254305325065883,10000
10,ackley,p=0.5,15,5.15805045778102,10000
10,ackley,p=1.0,15,5.970129623510438,10000
10,ackley,"p=0.2,sigma=0.03",15,4.994001446445498,10000
10,ackley,"p=0.2,sigma=0.3",15,0.5254756240885752,10000
10,ackley,ML-BJS,15,6.348502872017374,10000
10,ackley,ML-BJS free-probe,15,3.8732054674088734,10000
10,ackley,history-BJS,15,3.072383229103235,10000
10,ackley,1/5-rule,15,2.8143499807720755,10000
10,ackley,p=0.0,16,6.26990863042181,10000
10,ackley,p=0.01,16,5.939729127633907,10000
10,ackley,p=0.05,16,5.270330888109971,10000
10,ackley,p=0.1,16,4.483818403061168,10000
10,ackley,p=0.2,16,4.817333504988202,10000
10,ackley,p=0.5,16,6.045141363510499,10000
10,ackley,p=1.0,16,5.688969863209081,10000
10,ackley,"p=0.2,sigma=0.03",16,5.38760322056925,10000
10,ackley,"p=0.2,sigma=0.3",16,0.9634579157039451,10000
10,ackley,ML-BJS,16,6.513871144243765,10000
10,ackley,ML-BJS free-probe,16,4.260000955193512,10000
10,ackley,history-BJS,16,5.956357731478953,10000
10,ackley,1/5-rule,16,10.230815683928526,10000
10,ackley,p=0.0,17,3.9225854226551466,10000
10,ackley,p=0.01,17,6.208892709838981,10000
10,ackley,p=0.05,17,6.029612098187993,10000
10,ackley,p=0.1,17,2.6336427011793657,10000
10,ackley,p=0.2,17,3.2850841444351215,10000
10,ackley,p=0.5,17,4.0744428444401315,10000
10,ackley,p=1.0,17,6.060959540082376,10000
10,ackley,"p=0.2,sigma=0.03",17,4.994832846420014,10000
10,ackley,"p=0.2,sigma=0.3",17,0.8380961573032306,10000
10,ackley,ML-BJS,17,5.903917474661096,10000
10,ackley,ML-BJS free-probe,17,4.699256083164823,10000
10,ackley,history-BJS,17,5.120729591687024,10000
10,ackley,1/5-rule,17,9.646008313726607,10000
10,ackley,p=0.0,18,5.705104473158663,10000
10,ackley,p=0.01,18,6.325058739003932,10000
10,ackley,p=0.05,18,4.244151899497087,10000
10,ackley,p=0.1,18,6.409073273768595,10000
10,ackley,p=0.2,18,4.366112186630662,10000
10,ackley,p=0.5,18,5.449546858886237,10000
10,ackley,p=1.0,18,6.150382693699864,10000
10,ackley,"p=0.2,sigma=0.03",18,3.888616853432048,10000
10,ackley,"p=0.2,sigma=0.3",18,0.6681356362520323,10000
10,ackley,ML-BJS,18,6.045450458713795,10000
10,ackley,ML-BJS free-probe,18,4.621235822610689,10000
10,ackley,history-BJS,18,3.8106944738438853,10000
10,ackley,1/5-rule,18,3.7343678229187245,10000
10,ackley,p=0.0,19,3.9265345612572493,10000
10,ackley,p=0.01,19,8.198089199967658,10000
10,ackley,p=0.05,19,6.53245585632801,10000
10,ackley,p=0.1,19,5.706328743987651,10000
10,ackley,p=0.2,19,5.870986681820181,10000
10,ackley,p=0.5,19,5.6389447515841375,10000
10,ackley,p=1.0,19,5.412613931977464,10000
10,ackley,"p=0.2,sigma=0.03",19,4.428655480785352,10000
10,ackley,"p=0.2,sigma=0.3",19,0.6075035689577786,10000
10,ackley,ML-BJS,19,5.165447930196432,10000
10,ackley,ML-BJS free-probe,19,5.05461589080053,10000
10,ackley,history-BJS,19,3.4472062283840477,10000
10,ackley,1/5-rule,19,9.284999525168288,10000
10,ackley,p=0.0,20,5.926214665792262,10000
10,ackley,p=0.01,20,6.156492088043393,10000
10,ackley,p=0.05,20,4.3627289094095545,10000
10,ackley,p=0.1,20,5.026485123918036,10000
10,ackley,p=0.2,20,4.848001192749081,10000
10,ackley,p=0.5,20,4.212990718417075,10000
10,ackley,p=1.0,20,5.8327124195280255,10000
10,ackley,"p=0.2,sigma=0.03",20,4.429415552098082,10000
10,ackley,"p=0.2,sigma=0.3",20,0.636915829740826,10000
10,ackley,ML-BJS,20,6.420957789909512,10000
10,ackley,ML-BJS free-probe,20,5.6130429083624165,10000
10,ackley,history-BJS,20,4.118977043395244,10000
10,ackley,1/5-rule,20,10.257981419532264,10000
10,ackley,p=0.0,21,5.928418447117199,10000
10,ackley,p=0.01,21,7.122578421279167,10000
10,ackley,p=0.05,21,7.226905262471629,10000
10,ackley,p=0.1,21,5.852035864973505,10000
10,ackley,p=0.2,21,5.414257777322806,10000
10,ackley,p=0.5,21,4.49061694346182,10000
10,ackley,p=1.0,21,4.833969625018771,10000
10,ackley,"p=0.2,sigma=0.03",21,6.060778146065498,10000
10,ackley,"p=0.2,sigma=0.3",21,0.8713895444579376,10000
10,ackley,ML-BJS,21,4.519400043623676,10000
10,ackley,ML-BJS free-probe,21,6.1927885801304186,10000
10,ackley,history-BJS,21,3.801814345906753,10000
10,ackley,1/5-rule,21,4.298192912904401,10000
10,ackley,p=0.0,22,6.038772027466511,10000
10,ackley,p=0.01,22,5.799104251055873,10000
10,ackley,p=0.05,22,3.266036573322428,10000
10,ackley,p=0.1,22,6.485724814720818,10000
10,ackley,p=0.2,22,4.703669863259641,10000
10,ackley,p=0.5,22,5.812540801243941,10000
10,ackley,p=1.0,22,5.523677765987099,10000
10,ackley,"p=0.2,sigma=0.03",22,3.410750840167975,10000
10,ackley,"p=0.2,sigma=0.3",22,0.9993446861008661,10000
10,ackley,ML-BJS,22,5.030568282368531,10000
10,ackley,ML-BJS free-probe,22,3.814191258856788,10000
10,ackley,history-BJS,22,4.246866406185628,10000
10,ackley,1/5-rule,22,7.064257304103151,10000
10,ackley,p=0.0,23,4.702127025213102,10000
10,ackley,p=0.01,23,6.805686148681385,10000
10,ackley,p=0.05,23,4.0825018271299065,10000
10,ackley,p=0.1,23,6.023283362146525,10000
10,ackley,p=0.2,23,3.7858559045937814,10000
10,ackley,p=0.5,23,5.44441612085803,10000
10,ackley,p=1.0,23,5.626964739778256,10000
10,ackley,"p=0.2,sigma=0.03",23,5.986137539939882,10000
10,ackley,"p=0.2,sigma=0.3",23,0.8448273843098453,10000
10,ackley,ML-BJS,23,5.481265813811909,10000
10,ackley,ML-BJS free-probe,23,5.154259964274299,10000
10,ackley,history-BJS,23,3.6455183817050636,10000
10,ackley,1/5-rule,23,9.284996905792713,10000
10,ackley,p=0.0,24,3.786385055487536,10000
10,ackley,p=0.01,24,6.309797359859569,10000
10,ackley,p=0.05,24,7.200011730100135,10000
10,ackley,p=0.1,24,3.137989086454159,10000
10,ackley,p=0.2,24,4.2398939434724845,10000
10,ackley,p=0.5,24,5.250744438829063,10000
10,ackley,p=1.0,24,5.495681156807386,10000
10,ackley,"p=0.2,sigma=0.03",24,5.738942055443577,10000
10,ackley,"p=0.2,sigma=0.3",24,0.69481573842365,10000
10,ackley,ML-BJS,24,5.912289504997709,10000
10,ackley,ML-BJS free-probe,24,5.846108563229468,10000
10,ackley,history-BJS,24,5.075787536185487,10000
10,ackley,1/5-rule,24,9.860298900736026,10000
10,ackley,p=0.0,25,5.707902107974377,10000
10,ackley,p=0.01,25,6.953337854144742,10000
10,ackley,p=0.05,25,5.349684859065093,10000
10,ackley,p=0.1,25,4.6013708989353965,10000
10,ackley,p=0.2,25,6.411792098949757,10000
10,ackley,p=0.5,25,3.779556537295353,10000
10,ackley,p=1.0,25,5.934813924536094,10000
10,ackley,"p=0.2,sigma=0.03",25,4.303383793630584,10000
10,ackley,"p=0.2,sigma=0.3",25,1.0432084181829606,10000
10,ackley,ML-BJS,25,6.479808567314546,10000
10,ackley,ML-BJS free-probe,25,5.7854792392140695,10000
10,ackley,history-BJS,25,4.388101152720434,10000
10,ackley,1/5-rule,25,8.656396793253846,10000
10,ackley,p=0.0,26,6.174205779485106,10000
10,ackley,p=0.01,26,7.000929649520241,10000
10,ackley,p=0.05,26,4.728886080658114,10000
10,ackley,p=0.1,26,5.77956093733793,10000
10,ackley,p=0.2,26,5.699874721642438,10000
10,ackley,p=0.5,26,5.360881239739022,10000
10,ackley,p=1.0,26,5.185518301721569,10000
10,ackley,"p=0.2,sigma=0.03",26,6.694478081709487,10000
10,ackley,"p=0.2,sigma=0.3",26,0.7881055214184589,10000
10,ackley,ML-BJS,26,6.468993242816605,10000
10,ackley,ML-BJS free-probe,26,3.9845551455544634,10000
10,ackley,history-BJS,26,5.536693144377939,10000
10,ackley,1/5-rule,26,9.919516119272304,10000
10,ackley,p=0.0,27,4.715476415197045,10000
10,ackley,p=0.01,27,5.349886025240398,10000
10,ackley,p=0.05,27,4.72870962147347,10000
10,ackley,p=0.1,27,4.9227598881598915,10000
10,ackley,p=0.2,27,5.9578319510279805,10000
10,ackley,p=0.5,27,4.107801209969377,10000
10,ackley,p=1.0,27,5.902412381534688,10000
10,ackley,"p=0.2,sigma=0.03",27,6.286009994863143,10000
10,ackley,"p=0.2,sigma=0.3",27,0.9449393887773891,10000
10,ackley,ML-BJS,27,4.071724550932338,10000
10,ackley,ML-BJS free-probe,27,5.63647789280407,10000
10,ackley,history-BJS,27,5.227100294401627,10000
10,ackley,1/5-rule,27,9.61446179299196,10000
10,ackley,p=0.0,28,6.107658045213871,10000
10,ackley,p=0.01,28,8.074665545942771,10000
10,ackley,p=0.05,28,5.4216042835866,10000
10,ackley,p=0.1,28,5.5174206102379095,10000
10,ackley,p=0.2,28,5.517178380894688,10000
10,ackley,p=0.5,28,4.607895788091291,10000
10,ackley,p=1.0,28,5.679203530556709,10000
10,ackley,"p=0.2,sigma=0.03",28,5.193935983129158,10000
10,ackley,"p=0.2,sigma=0.3",28,0.8955463388951377,10000
10,ackley,ML-BJS,28,5.09520495112854,10000
10,ackley,ML-BJS free-probe,28,5.54079982619567,10000
10,ackley,history-BJS,28,5.14580180985071,10000
10,ackley,1/5-rule,28,4.42448725418388,10000
10,ackley,p=0.0,29,6.68471175390734,10000
10,ackley,p=0.01,29,5.9717490665930235,10000
10,ackley,p=0.05,29,6.471747879531176,10000
10,ackley,p=0.1,29,4.362361112496696,10000
10,ackley,p=0.2,29,5.245212699676415,10000
10,ackley,p=0.5,29,4.241381462173305,10000
10,ackley,p=1.0,29,5.631870156714985,10000
10,ackley,"p=0.2,sigma=0.03",29,5.823397234189709,10000
10,ackley,"p=0.2,sigma=0.3",29,0.8548319764449954,10000
10,ackley,ML-BJS,29,4.6998841448899675,10000
10,ackley,ML-BJS free-probe,29,4.933397705890844,10000
10,ackley,history-BJS,29,3.954152559013196,10000
10,ackley,1/5-rule,29,5.734364379770188,10000
10,griewank,p=0.0,0,0.0009433585001865641,10000
10,griewank,p=0.01,0,0.3625097704004735,10000
10,griewank,p=0.05,0,0.12040524006681808,10000
10,griewank,p=0.1,0,0.0011900966956743808,10000
10,griewank,p=0.2,0,0.013425795325087364,10000
10,griewank,p=0.5,0,0.06364930872911412,10000
10,griewank,p=1.0,0,0.7107770314461457,10000
10,griewank,"p=0.2,sigma=0.03",0,0.012418257120293097,10000
10,griewank,"p=0.2,sigma=0.3",0,0.3949507728941548,10000
10,griewank,ML-BJS,0,0.4260174400405081,10000
10,griewank,ML-BJS free-probe,0,0.482608578695912,10000
10,griewank,history-BJS,0,0.001513638520446614,10000
10,griewank,1/5-rule,0,0.31487888690655363,10000
10,griewank,p=0.0,1,0.25358178169149526,10000
10,griewank,p=0.01,1,0.01881801171219255,10000
10,griewank,p=0.05,1,0.4669039279360414,10000
10,griewank,p=0.1,1,0.24649770895455492,10000
10,griewank,p=0.2,1,0.25344121668505426,10000
10,griewank,p=0.5,1,0.11337667031213616,10000
10,griewank,p=1.0,1,0.6789774147237004,10000
10,griewank,"p=0.2,sigma=0.03",1,0.017323120746899123,10000
10,griewank,"p=0.2,sigma=0.3",1,0.11282562522850936,10000
10,griewank,ML-BJS,1,0.26283124293495674,10000
10,griewank,ML-BJS free-probe,1,0.10445970871935095,10000
10,griewank,history-BJS,1,0.024413981634808346,10000
10,griewank,1/5-rule,1,1.1102230246251565e-16,10000
10,griewank,p=0.0,2,0.3626113819940473,10000
10,griewank,p=0.01,2,0.054202402120786086,10000
10,griewank,p=0.05,2,0.054580875269600426,10000
10,griewank,p=0.1,2,0.14083894470028768,10000
10,griewank,p=0.2,2,0.008683041064541874,10000
10,griewank,p=0.5,2,0.011026853626481703,10000
10,griewank,p=1.0,2,0.43202201705396326,10000
10,griewank,"p=0.2,sigma=0.03",2,0.4299678549325321,10000
10,griewank,"p=0.2,sigma=0.3",2,0.1105813088776163,10000
10,griewank,ML-BJS,2,0.32385944851394255,10000
10,griewank,ML-BJS free-probe,2,0.11042393327332667,10000
10,griewank,history-BJS,2,0.008551467193318563,10000
10,griewank,1/5-rule,2,0.17739502035510024,10000
10,griewank,p=0.0,3,0.7507440579028919,10000
10,griewank,p=0.01,3,0.011318137648907323,10000
10,griewank,p=0.05,3,0.00841774908641324,10000
10,griewank,p=0.1,3,0.3186105686036489,10000
10,griewank,p=0.2,3,0.3869311527792424,10000
10,griewank,p=0.5,3,0.011010792175836892,10000
10,griewank,p=1.0,3,0.6945196875725042,10000
10,griewank,"p=0.2,sigma=0.03",3,0.007480346148004968,10000
10,griewank,"p=0.2,sigma=0.3",3,0.023259938347719777,10000
10,griewank,ML-BJS,3,0.13400932849954805,10000
10,griewank,ML-BJS free-probe,3,0.23420918206567254,10000
10,griewank,history-BJS,3,0.3820990929883922,10000
10,griewank,1/5-rule,3,6.661338147750939e-16,10000
10,griewank,p=0.0,4,0.10878077707927425,10000
10,griewank,p=0.01,4,0.29495319480241755,10000
10,griewank,p=0.05,4,0.0014692791234303115,10000
10,griewank,p=0.1,4,0.09334732069305152,10000
10,griewank,p=0.2,4,0.04562885427315344,10000
10,griewank,p=0.5,4,0.0013766750590488153,10000
10,griewank,p=1.0,4,0.6426223492708418,10000
10,griewank,"p=0.2,sigma=0.03",4,0.25357974736414357,10000
10,griewank,"p=0.2,sigma=0.3",4,0.21778368373742985,10000
10,griewank,ML-BJS,4,0.003363641458182909,10000
10,griewank,ML-BJS free-probe,4,0.01566348694328412,10000
10,griewank,history-BJS,4,0.41720914652268704,10000
10,griewank,1/5-rule,4,0.014638619822596177,10000
10,griewank,p=0.0,5,0.7350318578208401,10000
10,griewank,p=0.01,5,0.013718389234363415,10000
10,griewank,p=0.05,5,0.013269137644988827,10000
10,griewank,p=0.1,5,0.013278645856534821,10000
10,griewank,p=0.2,5,0.03296040844056125,10000
10,griewank,p=0.5,5,0.028578519148105497,10000
10,griewank,p=1.0,5,0.69408540696077,10000
10,griewank,"p=0.2,sigma=0.03",5,0.02964628168751282,10000
10,griewank,"p=0.2,sigma=0.3",5,0.4109585923459388,10000
10,griewank,ML-BJS,5,0.03578527094507722,10000
10,griewank,ML-BJS free-probe,5,0.5354635468495459,10000
10,griewank,history-BJS,5,0.29366765359658475,10000
10,griewank,1/5-rule,5,0.00739604033411545,10000
10,griewank,p=0.0,6,0.0010679669182177554,10000
10,griewank,p=0.01,6,0.5614303553070417,10000
10,griewank,p=0.05,6,0.17323221177612924,10000
10,griewank,p=0.1,6,0.02791355697229503,10000
10,griewank,p=0.2,6,0.29431413557589214,10000
10,griewank,p=0.5,6,0.599360063847743,10000
10,griewank,p=1.0,6,0.5820904961802564,10000
10,griewank,"p=0.2,sigma=0.03",6,0.2622539685056956,10000
10,griewank,"p=0.2,sigma=0.3",6,0.507621642195656,10000
10,griewank,ML-BJS,6,0.11664193640117648,10000
10,griewank,ML-BJS free-probe,6,0.17351712908400008,10000
10,griewank,history-BJS,6,0.016025164482008747,10000
10,griewank,1/5-rule,6,0.5920016533066079,10000
10,griewank,p=0.0,7,0.20299761243691572,10000
10,griewank,p=0.01,7,0.4141887305662003,10000
10,griewank,p=0.05,7,0.24157754599623815,10000
10,griewank,p=0.1,7,0.013255485946928602,10000
10,griewank,p=0.2,7,0.03362000601238502,10000
10,griewank,p=0.5,7,0.0008314464200482874,10000
10,griewank,p=1.0,7,0.510236936814734,10000
10,griewank,"p=0.2,sigma=0.03",7,8.722386414372618e-05,10000
10,griewank,"p=0.2,sigma=0.3",7,0.032317399564766536,10000
10,griewank,ML-BJS,7,0.02392241976674714,10000
10,griewank,ML-BJS free-probe,7,0.024721908459513497,10000
10,griewank,history-BJS,7,0.5780461593724984,10000
10,griewank,1/5-rule,7,1.0003017804613983,10000
10,griewank,p=0.0,8,0.0004953877658069317,10000
10,griewank,p=0.01,8,0.5409280076866134,10000
10,griewank,p=0.05,8,0.2555364033225672,10000
10,griewank,p=0.1,8,0.6548762911310769,10000
10,griewank,p=0.2,8,0.013341035194348372,10000
10,griewank,p=0.5,8,0.0011257299915011787,10000
10,griewank,p=1.0,8,0.45669315832350665,10000
10,griewank,"p=0.2,sigma=0.03",8,0.0074999625956604365,10000
10,griewank,"p=0.2,sigma=0.3",8,0.07044192030247287,10000
10,griewank,ML-BJS,8,0.01565628183975254,10000
10,griewank,ML-BJS free-probe,8,0.008795250206316219,10000
10,griewank,history-BJS,8,0.20130433716378304,10000
10,griewank,1/5-rule,8,0.6726578135438681,10000
10,griewank,p=0.0,9,0.0011362739138699451,10000
10,griewank,p=0.01,9,0.2297898334722569,10000
10,griewank,p=0.05,9,0.0007738970465616113,10000
10,griewank,p=0.1,9,0.011032138501505417,10000
10,griewank,p=0.2,9,0.008113515012497352,10000
10,griewank,p=0.5,9,0.05060214632330784,10000
10,griewank,p=1.0,9,0.49156838231725375,10000
10,griewank,"p=0.2,sigma=0.03",9,0.14778417380361286,10000
10,griewank,"p=0.2,sigma=0.3",9,0.21482518834086473,10000
10,griewank,ML-BJS,9,0.4432866094554768,10000
10,griewank,ML-BJS free-probe,9,0.5471906487337725,10000
10,griewank,history-BJS,9,0.05172541683543219,10000
10,griewank,1/5-rule,9,0.009857284607821981,10000
10,griewank,p=0.0,10,0.0007089793347286877,10000
10,griewank,p=0.01,10,0.008393665163033082,10000
10,griewank,p=0.05,10,0.010211303952473938,10000
10,griewank,p=0.1,10,0.17163261537685393,10000
10,griewank,p=0.2,10,0.42847257544699047,10000
10,griewank,p=0.5,10,0.07180682449512332,10000
10,griewank,p=1.0,10,0.6026234282611298,10000
10,griewank,"p=0.2,sigma=0.03",10,0.012440950635808967,10000
10,griewank,"p=0.2,sigma=0.3",10,0.021669574639533895,10000
10,griewank,ML-BJS,10,0.2573799178986407,10000
10,griewank,ML-BJS free-probe,10,0.18680456576221272,10000
10,griewank,history-BJS,10,0.6132478694570711,10000
10,griewank,1/5-rule,10,0.009857284607821315,10000
10,griewank,p=0.0,11,0.7448615059812539,10000
10,griewank,p=0.01,11,0.2794392087789428,10000
10,griewank,p=0.05,11,0.03425008408897401,10000
10,griewank,p=0.1,11,0.0015487482090952298,10000
10,griewank,p=0.2,11,0.008733544167516816,10000
10,griewank,p=0.5,11,0.4959115778886727,10000
10,griewank,p=1.0,11,0.38860940780557274,10000
10,griewank,"p=0.2,sigma=0.03",11,0.4797698065376905,10000
10,griewank,"p=0.2,sigma=0.3",11,0.011855902347390535,10000
10,griewank,ML-BJS,11,0.012778179781300025,10000
10,griewank,ML-BJS free-probe,11,0.029880094093526988,10000
10,griewank,history-BJS,11,0.1026702748691446,10000
10,griewank,1/5-rule,11,0.4921979613909955,10000
10,griewank,p=0.0,12,0.0014504050758010756,10000
10,griewank,p=0.01,12,0.027821395471451904,10000
10,griewank,p=0.05,12,0.01600361476761658,10000
10,griewank,p=0.1,12,0.24228214465158093,10000
10,griewank,p=0.2,12,0.0017838524965072544,10000
10,griewank,p=0.5,12,0.013511497555297125,10000
10,griewank,p=1.0,12,0.628044180837011,10000
10,griewank,"p=0.2,sigma=0.03",12,0.2562644479647842,10000
10,griewank,"p=0.2,sigma=0.3",12,0.17694399306648512,10000
10,griewank,ML-BJS,12,0.011291142256921405,10000
10,griewank,ML-BJS free-probe,12,0.31342138342147496,10000
10,griewank,history-BJS,12,0.018597840287417178,10000
10,griewank,1/5-rule,12,0.02463706106016561,10000
10,griewank,p=0.0,13,0.001118094840797279,10000
10,griewank,p=0.01,13,0.5672549803524439,10000
10,griewank,p=0.05,13,0.19246551084062113,10000
10,griewank,p=0.1,13,0.1610547078491632,10000
10,griewank,p=0.2,13,0.010662153050383205,10000
10,griewank,p=0.5,13,0.01164938683449368,10000
10,griewank,p=1.0,13,0.3906274244970477,10000
10,griewank,"p=0.2,sigma=0.03",13,0.4656038083357269,10000
10,griewank,"p=0.2,sigma=0.3",13,0.3213564773001727,10000
10,griewank,ML-BJS,13,0.01442529847190499,10000
10,griewank,ML-BJS free-probe,13,0.3178453084136542,10000
10,griewank,history-BJS,13,0.01373923651600828,10000
10,griewank,1/5-rule,13,0.15789941762304194,10000
10,griewank,p=0.0,14,0.0012763786663529952,10000
10,griewank,p=0.01,14,0.8437678040268242,10000
10,griewank,p=0.05,14,0.35840939661273497,10000
10,griewank,p=0.1,14,0.001205919438122427,10000
10,griewank,p=0.2,14,0.007899940886958556,10000
10,griewank,p=0.5,14,0.0014166203401401178,10000
10,griewank,p=1.0,14,0.73791684705594,10000
10,griewank,"p=0.2,sigma=0.03",14,0.38478314495238786,10000
10,griewank,"p=0.2,sigma=0.3",14,0.6817722005509904,10000
10,griewank,ML-BJS,14,0.49130234400904726,10000
10,griewank,ML-BJS free-probe,14,0.3208308245780557,10000
10,griewank,history-BJS,14,0.026252712629398545,10000
10,griewank,1/5-rule,14,0.2359676906752185,10000
10,griewank,p=0.0,15,0.0015428203840640586,10000
10,griewank,p=0.01,15,0.7186906560830678,10000
10,griewank,p=0.05,15,0.04718503701044641,10000
10,griewank,p=0.1,15,0.05924392535659684,10000
10,griewank,p=0.2,15,0.08563431527568865,10000
10,griewank,p=0.5,15,0.16538080866154492,10000
10,griewank,p=1.0,15,0.5024929042800592,10000
10,griewank,"p=0.2,sigma=0.03",15,0.007475710545100656,10000
10,griewank,"p=0.2,sigma=0.3",15,0.05795264183867288,10000
10,griewank,ML-BJS,15,0.010932156198086074,10000
10,griewank,ML-BJS free-probe,15,0.25093811871275196,10000
10,griewank,history-BJS,15,0.014942171132302784,10000
10,griewank,1/5-rule,15,0.05859832975248047,10000
10,griewank,p=0.0,16,0.14244943778269803,10000
10,griewank,p=0.01,16,0.16807131097132333,10000
10,griewank,p=0.05,16,0.17121270435343783,10000
10,griewank,p=0.1,16,0.024953868682143,10000
10,griewank,p=0.2,16,0.11618180010345736,10000
10,griewank,p=0.5,16,0.023483582671266823,10000
10,griewank,p=1.0,16,0.6189905066121245,10000
10,griewank,"p=0.2,sigma=0.03",16,0.24784941224965273,10000
10,griewank,"p=0.2,sigma=0.3",16,0.036577046615350994,10000
10,griewank,ML-BJS,16,0.1730600246452214,10000
10,griewank,ML-BJS free-probe,16,0.011703740427225662,10000
10,griewank,history-BJS,16,0.1181645918685228,10000
10,griewank,1/5-rule,16,0.5819183097141789,10000
10,griewank,p=0.0,17,0.027006077426987796,10000
10,griewank,p=0.01,17,0.01346574180777782,10000
10,griewank,p=0.05,17,0.366347994013559,10000
10,griewank,p=0.1,17,0.00835592056029788,10000
10,griewank,p=0.2,17,0.3937508725033647,10000
10,griewank,p=0.5,17,0.008481448331651653,10000
10,griewank,p=1.0,17,0.5044979705570436,10000
10,griewank,"p=0.2,sigma=0.03",17,0.16512323583643407,10000
10,griewank,"p=0.2,sigma=0.3",17,0.18251886799346484,10000
10,griewank,ML-BJS,17,0.4072243782635232,10000
10,griewank,ML-BJS free-probe,17,0.04211296391203345,10000
10,griewank,history-BJS,17,0.026937008899329595,10000
10,griewank,1/5-rule,17,0.42448804745314306,10000
10,griewank,p=0.0,18,0.7559218138718071,10000
10,griewank,p=0.01,18,0.011363600003376328,10000
10,griewank,p=0.05,18,0.1616029337721142,10000
10,griewank,p=0.1,18,0.05208626525660509,10000
10,griewank,p=0.2,18,0.6517350374529463,10000
10,griewank,p=0.5,18,0.6878709955619933,10000
10,griewank,p=1.0,18,0.6084101947285335,10000
10,griewank,"p=0.2,sigma=0.03",18,0.05394661122891131,10000
10,griewank,"p=0.2,sigma=0.3",18,0.020946258094659442,10000
10,griewank,ML-BJS,18,0.5120079249667085,10000
10,griewank,ML-BJS free-probe,18,0.47056508064038405,10000
10,griewank,history-BJS,18,0.05333369266655641,10000
10,griewank,1/5-rule,18,0.6455578284530845,10000
10,griewank,p=0.0,19,0.0012157823992394734,10000
10,griewank,p=0.01,19,0.24426558928135456,10000
10,griewank,p=0.05,19,0.001285326054148439,10000
10,griewank,p=0.1,19,0.2589676295367256,10000
10,griewank,p=0.2,19,0.2630117222461852,10000
10,griewank,p=0.5,19,0.00824551134489171,10000
10,griewank,p=1.0,19,0.7070465791529434,10000
10,griewank,"p=0.2,sigma=0.03",19,0.08324760331685044,10000
10,griewank,"p=0.2,sigma=0.3",19,0.10875701734632492,10000
10,griewank,ML-BJS,19,0.12492889671120111,10000
10,griewank,ML-BJS free-probe,19,0.2618130900963359,10000
10,griewank,history-BJS,19,0.00921678348521393,10000
10,griewank,1/5-rule,19,0.009857284607821759,10000
10,griewank,p=0.0,20,0.001054459388158735,10000
10,griewank,p=0.01,20,0.39232761018681706,10000
10,griewank,p=0.05,20,0.008564898796170062,10000
10,griewank,p=0.1,20,0.3418243729565291,10000
10,griewank,p=0.2,20,0.2864679392196361,10000
10,griewank,p=0.5,20,0.06322612203734401,10000
10,griewank,p=1.0,20,0.7324356531325242,10000
10,griewank,"p=0.2,sigma=0.03",20,0.4070053663650792,10000
10,griewank,"p=0.2,sigma=0.3",20,0.005790903768476463,10000
10,griewank,ML-BJS,20,0.00522418377346201,10000
10,griewank,ML-BJS free-probe,20,0.0016153199694894926,10000
10,griewank,history-BJS,20,0.0017040040118363464,10000
10,griewank,1/5-rule,20,0.7972335266522859,10000
10,griewank,p=0.0,21,0.17175356467881886,10000
10,griewank,p=0.01,21,0.21574804597428165,10000
10,griewank,p=0.05,21,0.028879765588241568,10000
10,griewank,p=0.1,21,0.20309958202684153,10000
10,griewank,p=0.2,21,0.2531023776288468,10000
10,griewank,p=0.5,21,0.0017998894400687027,10000
10,griewank,p=1.0,21,0.6743639051306705,10000
10,griewank,"p=0.2,sigma=0.03",21,0.00010470739881363045,10000
10,griewank,"p=0.2,sigma=0.3",21,0.3805056678957792,10000
10,griewank,ML-BJS,21,0.4016158643381772,10000
10,griewank,ML-BJS free-probe,21,0.01957734459776861,10000
10,griewank,history-BJS,21,0.5468067301106402,10000
10,griewank,1/5-rule,21,0.24575831817802984,10000
10,griewank,p=0.0,22,0.0010511749347655863,10000
10,griewank,p=0.01,22,0.04079182893146727,10000
10,griewank,p=0.05,22,0.0016697611141284208,10000
10,griewank,p=0.1,22,0.013187874464870242,10000
10,griewank,p=0.2,22,0.1341749548307134,10000
10,griewank,p=0.5,22,0.2633426516155326,10000
10,griewank,p=1.0,22,0.6728385606489431,10000
10,griewank,"p=0.2,sigma=0.03",22,0.009999287444845018,10000
10,griewank,"p=0.2,sigma=0.3",22,0.3678660153877057,10000
10,griewank,ML-BJS,22,0.15398739841820364,10000
10,griewank,ML-BJS free-probe,22,0.05396912279359434,10000
10,griewank,history-BJS,22,0.014161319767071356,10000
10,griewank,1/5-rule,22,0.9380523702364907,10000
10,griewank,p=0.0,23,0.0013842573748937825,10000
10,griewank,p=0.01,23,0.035065093569140116,10000
10,griewank,p=0.05,23,0.42997334977760493,10000
10,griewank,p=0.1,23,0.00813600969799666,10000
10,griewank,p=0.2,23,0.1525162166414522,10000
10,griewank,p=0.5,23,0.013947797721787225,10000
10,griewank,p=1.0,23,0.5807406608264256,10000
10,griewank,"p=0.2,sigma=0.03",23,0.47474543659716895,10000
10,griewank,"p=0.2,sigma=0.3",23,0.15820073624383169,10000
10,griewank,ML-BJS,23,0.3708150377461713,10000
10,griewank,ML-BJS free-probe,23,0.020179402346213293,10000
10,griewank,history-BJS,23,0.034678592546081854,10000
10,griewank,1/5-rule,23,0.048431344126656506,10000
10,griewank,p=0.0,24,0.6744303393348257,10000
10,griewank,p=0.01,24,0.0014292488571873152,10000
10,griewank,p=0.05,24,0.4195325247824848,10000
10,griewank,p=0.1,24,0.01325895610745298,10000
10,griewank,p=0.2,24,0.010879713674577518,10000
10,griewank,p=0.5,24,0.41441309751479494,10000
10,griewank,p=1.0,24,0.6435680973814555,10000
10,griewank,"p=0.2,sigma=0.03",24,0.4041857896258019,10000
10,griewank,"p=0.2,sigma=0.3",24,0.020496944725129862,10000
10,griewank,ML-BJS,24,0.012577087050948843,10000
10,griewank,ML-BJS free-probe,24,0.016368833211231726,10000
10,griewank,history-BJS,24,0.23006130321951623,10000
10,griewank,1/5-rule,24,8.881784197001252e-16,10000
10,griewank,p=0.0,25,0.0008622682275376548,10000
10,griewank,p=0.01,25,0.7432859597749275,10000
10,griewank,p=0.05,25,0.5208010000585375,10000
10,griewank,p=0.1,25,0.3936560681710466,10000
10,griewank,p=0.2,25,0.008528183072793905,10000
10,griewank,p=0.5,25,0.05224029014637377,10000
10,griewank,p=1.0,25,0.5623040128741497,10000
10,griewank,"p=0.2,sigma=0.03",25,0.0275248611893677,10000
10,griewank,"p=0.2,sigma=0.3",25,0.019864174642112875,10000
10,griewank,ML-BJS,25,0.01576065572000085,10000
10,griewank,ML-BJS free-probe,25,0.05500597778251182,10000
10,griewank,history-BJS,25,0.018842080707779485,10000
10,griewank,1/5-rule,25,0.12889054842960168,10000
10,griewank,p=0.0,26,0.0008816745329884856,10000
10,griewank,p=0.01,26,0.6039636224604363,10000
10,griewank,p=0.05,26,0.18022399255974997,10000
10,griewank,p=0.1,26,0.10318997668627461,10000
10,griewank,p=0.2,26,0.001277596327285191,10000
10,griewank,p=0.5,26,0.3005493553069849,10000
10,griewank,p=1.0,26,0.6098034597160921,10000
10,griewank,"p=0.2,sigma=0.03",26,0.08132821623492592,10000
10,griewank,"p=0.2,sigma=0.3",26,0.33353477971027257,10000
10,griewank,ML-BJS,26,0.6023443446354257,10000
10,griewank,ML-BJS free-probe,26,0.09037830091964838,10000
10,griewank,history-BJS,26,0.023400714183861138,10000
10,griewank,1/5-rule,26,0.025237774802189472,10000
10,griewank,p=0.0,27,0.0010255524770531599,10000
10,griewank,p=0.01,27,0.6199209146200009,10000
10,griewank,p=0.05,27,0.11118442812142992,10000
10,griewank,p=0.1,27,0.2216988175169865,10000
10,griewank,p=0.2,27,0.018475394512416088,10000
10,griewank,p=0.5,27,0.011588884343556982,10000
10,griewank,p=1.0,27,0.5857488622639615,10000
10,griewank,"p=0.2,sigma=0.03",27,0.45656727068130454,10000
10,griewank,"p=0.2,sigma=0.3",27,0.03241620915781984,10000
10,griewank,ML-BJS,27,0.0116446752676993,10000
10,griewank,ML-BJS free-probe,27,0.023934068270410114,10000
10,griewank,history-BJS,27,0.02918320420774989,10000
10,griewank,1/5-rule,27,1.5543122344752192e-15,10000
10,griewank,p=0.0,28,0.39052039332992394,10000
10,griewank,p=0.01,28,0.22396625331339215,10000
10,griewank,p=0.05,28,0.1142104654937468,10000
10,griewank,p=0.1,28,0.3639566410766353,10000
10,griewank,p=0.2,28,0.013640429928887143,10000
10,griewank,p=0.5,28,0.023213023923682186,10000
10,griewank,p=1.0,28,0.6143329770418107,10000
10,griewank,"p=0.2,sigma=0.03",28,0.00010007614122731212,10000
10,griewank,"p=0.2,sigma=0.3",28,0.36686179931966445,10000
10,griewank,ML-BJS,28,0.02836515028939479,10000
10,griewank,ML-BJS free-probe,28,0.37395350094559987,10000
10,griewank,history-BJS,28,0.027909218932391733,10000
10,griewank,1/5-rule,28,0.27626602171367254,10000
10,griewank,p=0.0,29,0.3784553170496725,10000
10,griewank,p=0.01,29,0.4988353291443671,10000
10,griewank,p=0.05,29,0.3569433071432041,10000
10,griewank,p=0.1,29,0.008646594837039445,10000
10,griewank,p=0.2,29,0.017253293825784333,10000
10,griewank,p=0.5,29,0.15378136782990914,10000
10,griewank,p=1.0,29,0.6995107717094096,10000
10,griewank,"p=0.2,sigma=0.03",29,0.2542566752394536,10000
10,griewank,"p=0.2,sigma=0.3",29,0.2606773596441404,10000
10,griewank,ML-BJS,29,0.3522929832166021,10000
10,griewank,ML-BJS free-probe,29,0.3618336421703715,10000
10,griewank,history-BJS,29,0.44311422832506164,10000
10,griewank,1/5-rule,29,0.016217186295468866,10000
10,rosenbrock,p=0.0,0,6.712527833814563,10000
10,rosenbrock,p=0.01,0,9.338616394935475,10000
10,rosenbrock,p=0.05,0,6.311371497419612,10000
10,rosenbrock,p=0.1,0,2.941630255054884,10000
10,rosenbrock,p=0.2,0,6.066747179915061,10000
10,rosenbrock,p=0.5,0,9.447700763594508,10000
10,rosenbrock,p=1.0,0,3831.4800527832026,10000
10,rosenbrock,"p=0.2,sigma=0.03",0,6.15816172644849,10000
10,rosenbrock,"p=0.2,sigma=0.3",0,13.348812608563481,10000
10,rosenbrock,ML-BJS,0,10.65969056418266,10000
10,rosenbrock,ML-BJS free-probe,0,10.568376100047885,10000
10,rosenbrock,history-BJS,0,9.687547905104536,10000
10,rosenbrock,1/5-rule,0,4.346733544390327,10000
10,rosenbrock,p=0.0,1,7.469636514222242,10000
10,rosenbrock,p=0.01,1,8.384073250361062,10000
10,rosenbrock,p=0.05,1,6.781466576556679,10000
10,rosenbrock,p=0.1,1,5.226793606689942,10000
10,rosenbrock,p=0.2,1,4.091538767676635,10000
10,rosenbrock,p=0.5,1,10.261852861532935,10000
10,rosenbrock,p=1.0,1,2887.788877912178,10000
10,rosenbrock,"p=0.2,sigma=0.03",1,6.091413508731854,10000
10,rosenbrock,"p=0.2,sigma=0.3",1,15.962455192729935,10000
10,rosenbrock,ML-BJS,1,11.324450725700682,10000
10,rosenbrock,ML-BJS free-probe,1,9.012482781278901,10000
10,rosenbrock,history-BJS,1,9.861923585060243,10000
10,rosenbrock,1/5-rule,1,1.8333380848299863,10000
10,rosenbrock,p=0.0,2,5.047404214074415,10000
10,rosenbrock,p=0.01,2,10.470040497383538,10000
10,rosenbrock,p=0.05,2,7.524373994487631,10000
10,rosenbrock,p=0.1,2,9.84739579021591,10000
10,rosenbrock,p=0.2,2,10.366694492280887,10000
10,rosenbrock,p=0.5,2,9.589254119499977,10000
10,rosenbrock,p=1.0,2,5626.9093176348915,10000
10,rosenbrock,"p=0.2,sigma=0.03",2,5.462032383672593,10000
10,rosenbrock,"p=0.2,sigma=0.3",2,126.99179110938698,10000
10,rosenbrock,ML-BJS,2,90.94075333026068,10000
10,rosenbrock,ML-BJS free-probe,2,6.136514991108359,10000
10,rosenbrock,history-BJS,2,10.342246508029515,10000
10,rosenbrock,1/5-rule,2,0.9153094624003297,10000
10,rosenbrock,p=0.0,3,9.398101207682785,10000
10,rosenbrock,p=0.01,3,7.489412221298643,10000
10,rosenbrock,p=0.05,3,87.18840094215605,10000
10,rosenbrock,p=0.1,3,9.839320736630714,10000
10,rosenbrock,p=0.2,3,7.720390778698423,10000
10,rosenbrock,p=0.5,3,10.438040819680955,10000
10,rosenbrock,p=1.0,3,2530.893487071551,10000
10,rosenbrock,"p=0.2,sigma=0.03",3,9.67385789212547,10000
10,rosenbrock,"p=0.2,sigma=0.3",3,12.597723169128027,10000
10,rosenbrock,ML-BJS,3,86.14106195642339,10000
10,rosenbrock,ML-BJS free-probe,3,10.009930846934392,10000
10,rosenbrock,history-BJS,3,8.82424367530584,10000
10,rosenbrock,1/5-rule,3,0.6698630138675391,10000
10,rosenbrock,p=0.0,4,8.062704752882137,10000
10,rosenbrock,p=0.01,4,6.114513432122584,10000
10,rosenbrock,p=0.05,4,7.478096602000383,10000
10,rosenbrock,p=0.1,4,10.265427576642084,10000
10,rosenbrock,p=0.2,4,8.797655888983911,10000
10,rosenbrock,p=0.5,4,7.9355960707193445,10000
10,rosenbrock,p=1.0,4,2131.2964646225623,10000
10,rosenbrock,"p=0.2,sigma=0.03",4,7.001768001287569,10000
10,rosenbrock,"p=0.2,sigma=0.3",4,13.006533768396347,10000
10,rosenbrock,ML-BJS,4,10.48999418516209,10000
10,rosenbrock,ML-BJS free-probe,4,7.890136810653379,10000
10,rosenbrock,history-BJS,4,8.535792849641595,10000
10,rosenbrock,1/5-rule,4,0.886741879825937,10000
10,rosenbrock,p=0.0,5,5.762816975012731,10000
10,rosenbrock,p=0.01,5,10.095996350217286,10000
10,rosenbrock,p=0.05,5,10.26804312512716,10000
10,rosenbrock,p=0.1,5,10.68510491871142,10000
10,rosenbrock,p=0.2,5,7.178363550845582,10000
10,rosenbrock,p=0.5,5,10.02817594742189,10000
10,rosenbrock,p=1.0,5,2535.187315505338,10000
10,rosenbrock,"p=0.2,sigma=0.03",5,78.39721303283618,10000
10,rosenbrock,"p=0.2,sigma=0.3",5,11.851841340704944,10000
10,rosenbrock,ML-BJS,5,97.41981292299707,10000
10,rosenbrock,ML-BJS free-probe,5,10.177929436681179,10000
10,rosenbrock,history-BJS,5,74.0376917310629,10000
10,rosenbrock,1/5-rule,5,4.469313513267494,10000
10,rosenbrock,p=0.0,6,10.363174645631902,10000
10,rosenbrock,p=0.01,6,10.368199265635711,10000
10,rosenbrock,p=0.05,6,9.458569581246422,10000
10,rosenbrock,p=0.1,6,9.394482951067795,10000
10,rosenbrock,p=0.2,6,62.59035729633616,10000
10,rosenbrock,p=0.5,6,9.717107584703053,10000
10,rosenbrock,p=1.0,6,2533.0212615313894,10000
10,rosenbrock,"p=0.2,sigma=0.03",6,3.980956724784835,10000
10,rosenbrock,"p=0.2,sigma=0.3",6,11.091678979069641,10000
10,rosenbrock,ML-BJS,6,11.891693861111035,10000
10,rosenbrock,ML-BJS free-probe,6,9.175200115063937,10000
10,rosenbrock,history-BJS,6,8.701291366208993,10000
10,rosenbrock,1/5-rule,6,1.2420670296498089,10000
10,rosenbrock,p=0.0,7,5.947024413090307,10000
10,rosenbrock,p=0.01,7,7.397318548126942,10000
10,rosenbrock,p=0.05,7,7.568949484733361,10000
10,rosenbrock,p=0.1,7,9.84382188607031,10000
10,rosenbrock,p=0.2,7,8.501559692059452,10000
10,rosenbrock,p=0.5,7,10.452915068396159,10000
10,rosenbrock,p=1.0,7,1712.3564458742464,10000
10,rosenbrock,"p=0.2,sigma=0.03",7,7.012973937633933,10000
10,rosenbrock,"p=0.2,sigma=0.3",7,85.2931727031583,10000
10,rosenbrock,ML-BJS,7,218.77295346325542,10000
10,rosenbrock,ML-BJS free-probe,7,10.471903684547025,10000
10,rosenbrock,history-BJS,7,6.165206339411019,10000
10,rosenbrock,1/5-rule,7,1.1458109248977246,10000
10,rosenbrock,p=0.0,8,7.2616068175934805,10000
10,rosenbrock,p=0.01,8,7.501019557669637,10000
10,rosenbrock,p=0.05,8,8.503004830046573,10000
10,rosenbrock,p=0.1,8,9.717845712552323,10000
10,rosenbrock,p=0.2,8,10.157772610741914,10000
10,rosenbrock,p=0.5,8,10.461156831633215,10000
10,rosenbrock,p=1.0,8,4422.059121501537,10000
10,rosenbrock,"p=0.2,sigma=0.03",8,0.35456475728548564,10000
10,rosenbrock,"p=0.2,sigma=0.3",8,19.276875428642004,10000
10,rosenbrock,ML-BJS,8,11.115712143293312,10000
10,rosenbrock,ML-BJS free-probe,8,9.803665454170519,10000
10,rosenbrock,history-BJS,8,8.96880845670639,10000
10,rosenbrock,1/5-rule,8,1.1157533046795745,10000
10,rosenbrock,p=0.0,9,10.619439227490993,10000
10,rosenbrock,p=0.01,9,6.735875298501532,10000
10,rosenbrock,p=0.05,9,10.375602240527229,10000
10,rosenbrock,p=0.1,9,10.151082304574624,10000
10,rosenbrock,p=0.2,9,9.142010438726594,10000
10,rosenbrock,p=0.5,9,11.13385704976405,10000
10,rosenbrock,p=1.0,9,3715.16242121948,10000
10,rosenbrock,"p=0.2,sigma=0.03",9,9.603869147382504,10000
10,rosenbrock,"p=0.2,sigma=0.3",9,13.147186153116985,10000
10,rosenbrock,ML-BJS,9,140.1355651351158,10000
10,rosenbrock,ML-BJS free-probe,9,8.04250598027332,10000
10,rosenbrock,history-BJS,9,10.82498654355847,10000
10,rosenbrock,1/5-rule,9,4.568758218175387,10000
10,rosenbrock,p=0.0,10,8.198324087006394,10000
10,rosenbrock,p=0.01,10,6.2902177416614276,10000
10,rosenbrock,p=0.05,10,9.137327472293553,10000
10,rosenbrock,p=0.1,10,8.93354355624268,10000
10,rosenbrock,p=0.2,10,94.55867626438811,10000
10,rosenbrock,p=0.5,10,9.478428879047367,10000
10,rosenbrock,p=1.0,10,4104.216785353629,10000
10,rosenbrock,"p=0.2,sigma=0.03",10,4.319611902106981,10000
10,rosenbrock,"p=0.2,sigma=0.3",10,16.642529309349413,10000
10,rosenbrock,ML-BJS,10,11.087005180921889,10000
10,rosenbrock,ML-BJS free-probe,10,10.557739628930273,10000
10,rosenbrock,history-BJS,10,7.285204670868973,10000
10,rosenbrock,1/5-rule,10,1.3819626220999082,10000
10,rosenbrock,p=0.0,11,10.3514469483755,10000
10,rosenbrock,p=0.01,11,7.191621992914996,10000
10,rosenbrock,p=0.05,11,10.534101664762957,10000
10,rosenbrock,p=0.1,11,7.40288197248649,10000
10,rosenbrock,p=0.2,11,10.552370715548706,10000
10,rosenbrock,p=0.5,11,10.180252229630222,10000
10,rosenbrock,p=1.0,11,1528.6241736777497,10000
10,rosenbrock,"p=0.2,sigma=0.03",11,6.67416346460676,10000
10,rosenbrock,"p=0.2,sigma=0.3",11,16.448033183023117,10000
10,rosenbrock,ML-BJS,11,9.345288894254137,10000
10,rosenbrock,ML-BJS free-probe,11,9.152660841963991,10000
10,rosenbrock,history-BJS,11,10.707259342797613,10000
10,rosenbrock,1/5-rule,11,1.211041077153797,10000
10,rosenbrock,p=0.0,12,10.152099999602001,10000
10,rosenbrock,p=0.01,12,7.170989371812149,10000
10,rosenbrock,p=0.05,12,7.6275577084581165,10000
10,rosenbrock,p=0.1,12,9.273692515148806,10000
10,rosenbrock,p=0.2,12,8.499745048086407,10000
10,rosenbrock,p=0.5,12,10.106192947228493,10000
10,rosenbrock,p=1.0,12,4549.878921976721,10000
10,rosenbrock,"p=0.2,sigma=0.03",12,3.45878039180059,10000
10,rosenbrock,"p=0.2,sigma=0.3",12,18.051473440802308,10000
10,rosenbrock,ML-BJS,12,175.09729944908776,10000
10,rosenbrock,ML-BJS free-probe,12,8.723152262231169,10000
10,rosenbrock,history-BJS,12,10.449097605926038,10000
10,rosenbrock,1/5-rule,12,0.9381894817265946,10000
10,rosenbrock,p=0.0,13,6.819676455960782,10000
10,rosenbrock,p=0.01,13,124.03732935207225,10000
10,rosenbrock,p=0.05,13,9.150705224776207,10000
10,rosenbrock,p=0.1,13,8.283179801087915,10000
10,rosenbrock,p=0.2,13,77.93138921773645,10000
10,rosenbrock,p=0.5,13,7.418817592764626,10000
10,rosenbrock,p=1.0,13,3506.413584488079,10000
10,rosenbrock,"p=0.2,sigma=0.03",13,7.358739586602259,10000
10,rosenbrock,"p=0.2,sigma=0.3",13,58.93306287673798,10000
10,rosenbrock,ML-BJS,13,10.00376026327545,10000
10,rosenbrock,ML-BJS free-probe,13,8.104000285891011,10000
10,rosenbrock,history-BJS,13,68.5260615590488,10000
10,rosenbrock,1/5-rule,13,7.1341503110798765,10000
10,rosenbrock,p=0.0,14,7.61462882835032,10000
10,rosenbrock,p=0.01,14,9.04149756134402,10000
10,rosenbrock,p=0.05,14,9.667657186385064,10000
10,rosenbrock,p=0.1,14,3.415576818365655,10000
10,rosenbrock,p=0.2,14,8.48007504350581,10000
10,rosenbrock,p=0.5,14,9.432608679185796,10000
10,rosenbrock,p=1.0,14,2009.3549625384035,10000
10,rosenbrock,"p=0.2,sigma=0.03",14,69.46989165709547,10000
10,rosenbrock,"p=0.2,sigma=0.3",14,16.488750129608626,10000
10,rosenbrock,ML-BJS,14,125.41903215576642,10000
10,rosenbrock,ML-BJS free-probe,14,91.8767172443096,10000
10,rosenbrock,history-BJS,14,7.357773612095364,10000
10,rosenbrock,1/5-rule,14,0.23943577123330928,10000
10,rosenbrock,p=0.0,15,10.271744420774768,10000
10,rosenbrock,p=0.01,15,9.361758166005608,10000
10,rosenbrock,p=0.05,15,74.32311136228057,10000
10,rosenbrock,p=0.1,15,10.224668199628287,10000
10,rosenbrock,p=0.2,15,81.55243706305887,10000
10,rosenbrock,p=0.5,15,9.383534412545611,10000
10,rosenbrock,p=1.0,15,1045.7591533286156,10000
10,rosenbrock,"p=0.2,sigma=0.03",15,6.783987461179325,10000
10,rosenbrock,"p=0.2,sigma=0.3",15,17.39507252270923,10000
10,rosenbrock,ML-BJS,15,8.855142881857239,10000
10,rosenbrock,ML-BJS free-probe,15,7.704497997960498,10000
10,rosenbrock,history-BJS,15,8.803381369472842,10000
10,rosenbrock,1/5-rule,15,9.338672498093304,10000
10,rosenbrock,p=0.0,16,10.00318863069521,10000
10,rosenbrock,p=0.01,16,9.030279661584988,10000
10,rosenbrock,p=0.05,16,6.73037070400216,10000
10,rosenbrock,p=0.1,16,5.184031038504501,10000
10,rosenbrock,p=0.2,16,109.27488534848017,10000
10,rosenbrock,p=0.5,16,9.974068042627037,10000
10,rosenbrock,p=1.0,16,4600.177573494206,10000
10,rosenbrock,"p=0.2,sigma=0.03",16,6.064094912322158,10000
10,rosenbrock,"p=0.2,sigma=0.3",16,17.373088160267283,10000
10,rosenbrock,ML-BJS,16,11.911210486145478,10000
10,rosenbrock,ML-BJS free-probe,16,9.090092791895536,10000
10,rosenbrock,history-BJS,16,7.073695752862736,10000
10,rosenbrock,1/5-rule,16,0.8465137515320276,10000
10,rosenbrock,p=0.0,17,10.538211096087805,10000
10,rosenbrock,p=0.01,17,7.942140051418031,10000
10,rosenbrock,p=0.05,17,7.556208789664014,10000
10,rosenbrock,p=0.1,17,8.56482412020536,10000
10,rosenbrock,p=0.2,17,8.757773614603028,10000
10,rosenbrock,p=0.5,17,7.2686464656791525,10000
10,rosenbrock,p=1.0,17,1988.9875568100924,10000
10,rosenbrock,"p=0.2,sigma=0.03",17,5.716367732112657,10000
10,rosenbrock,"p=0.2,sigma=0.3",17,17.912635475868164,10000
10,rosenbrock,ML-BJS,17,10.7970541806658,10000
10,rosenbrock,ML-BJS free-probe,17,9.564198922269817,10000
10,rosenbrock,history-BJS,17,9.260826642423474,10000
10,rosenbrock,1/5-rule,17,1.362776516997679,10000
10,rosenbrock,p=0.0,18,9.359418469054143,10000
10,rosenbrock,p=0.01,18,10.530469177766687,10000
10,rosenbrock,p=0.05,18,9.650279452964124,10000
10,rosenbrock,p=0.1,18,9.19449761194947,10000
10,rosenbrock,p=0.2,18,9.895671442280364,10000
10,rosenbrock,p=0.5,18,5.673752214474913,10000
10,rosenbrock,p=1.0,18,4015.0637650660597,10000
10,rosenbrock,"p=0.2,sigma=0.03",18,4.419505109045303,10000
10,rosenbrock,"p=0.2,sigma=0.3",18,15.657322948503104,10000
10,rosenbrock,ML-BJS,18,85.59328921847644,10000
10,rosenbrock,ML-BJS free-probe,18,8.936815280411668,10000
10,rosenbrock,history-BJS,18,6.458324720543054,10000
10,rosenbrock,1/5-rule,18,69.39870834378912,10000
10,rosenbrock,p=0.0,19,8.262822920185336,10000
10,rosenbrock,p=0.01,19,4.424907417990415,10000
10,rosenbrock,p=0.05,19,7.072257778188344,10000
10,rosenbrock,p=0.1,19,106.85461779265991,10000
10,rosenbrock,p=0.2,19,8.367661822539157,10000
10,rosenbrock,p=0.5,19,10.33144538789795,10000
10,rosenbrock,p=1.0,19,1595.0981038049474,10000
10,rosenbrock,"p=0.2,sigma=0.03",19,7.162726636354806,10000
10,rosenbrock,"p=0.2,sigma=0.3",19,66.63598145828341,10000
10,rosenbrock,ML-BJS,19,13.08761661628171,10000
10,rosenbrock,ML-BJS free-probe,19,7.687793192765191,10000
10,rosenbrock,history-BJS,19,10.257467392368875,10000
10,rosenbrock,1/5-rule,19,4.661061046454596,10000
10,rosenbrock,p=0.0,20,8.477181359441024,10000
10,rosenbrock,p=0.01,20,9.660628339394316,10000
10,rosenbrock,p=0.05,20,7.58620459065962,10000
10,rosenbrock,p=0.1,20,4.637463357336171,10000
10,rosenbrock,p=0.2,20,10.445022314077299,10000
10,rosenbrock,p=0.5,20,8.368380714678711,10000
10,rosenbrock,p=1.0,20,2546.1284509150983,10000
10,rosenbrock,"p=0.2,sigma=0.03",20,5.078043644587941,10000
10,rosenbrock,"p=0.2,sigma=0.3",20,13.812968852604946,10000
10,rosenbrock,ML-BJS,20,11.195721597756954,10000
10,rosenbrock,ML-BJS free-probe,20,9.661325877292398,10000
10,rosenbrock,history-BJS,20,6.1118370887975395,10000
10,rosenbrock,1/5-rule,20,0.39254634011309386,10000
10,rosenbrock,p=0.0,21,8.574763715389098,10000
10,rosenbrock,p=0.01,21,123.51021808761324,10000
10,rosenbrock,p=0.05,21,9.740304472357856,10000
10,rosenbrock,p=0.1,21,10.371384998353573,10000
10,rosenbrock,p=0.2,21,9.093629451781668,10000
10,rosenbrock,p=0.5,21,8.988205702703844,10000
10,rosenbrock,p=1.0,21,1902.6460553683082,10000
10,rosenbrock,"p=0.2,sigma=0.03",21,8.353901521143065,10000
10,rosenbrock,"p=0.2,sigma=0.3",21,12.843755898199754,10000
10,rosenbrock,ML-BJS,21,11.861646351802904,10000
10,rosenbrock,ML-BJS free-probe,21,10.473350997857116,10000
10,rosenbrock,history-BJS,21,9.149309175482855,10000
10,rosenbrock,1/5-rule,21,1.3121598831407328,10000
10,rosenbrock,p=0.0,22,7.790542178560995,10000
10,rosenbrock,p=0.01,22,75.37503834503438,10000
10,rosenbrock,p=0.05,22,9.520731690789306,10000
10,rosenbrock,p=0.1,22,10.54904224202583,10000
10,rosenbrock,p=0.2,22,8.406164409717944,10000
10,rosenbrock,p=0.5,22,124.62745693502615,10000
10,rosenbrock,p=1.0,22,2255.079532577772,10000
10,rosenbrock,"p=0.2,sigma=0.03",22,9.603536934940031,10000
10,rosenbrock,"p=0.2,sigma=0.3",22,146.65456117270494,10000
10,rosenbrock,ML-BJS,22,204.08940662490718,10000
10,rosenbrock,ML-BJS free-probe,22,100.48143062193323,10000
10,rosenbrock,history-BJS,22,7.814289004199252,10000
10,rosenbrock,1/5-rule,22,0.7493134819221855,10000
10,rosenbrock,p=0.0,23,8.506412109948453,10000
10,rosenbrock,p=0.01,23,7.0597113996944385,10000
10,rosenbrock,p=0.05,23,10.30498203390517,10000
10,rosenbrock,p=0.1,23,10.293562036268156,10000
10,rosenbrock,p=0.2,23,8.021498754421547,10000
10,rosenbrock,p=0.5,23,5.262231740252443,10000
10,rosenbrock,p=1.0,23,4656.218556335765,10000
10,rosenbrock,"p=0.2,sigma=0.03",23,5.382270151088271,10000
10,rosenbrock,"p=0.2,sigma=0.3",23,19.14615504681836,10000
10,rosenbrock,ML-BJS,23,12.776040630128348,10000
10,rosenbrock,ML-BJS free-probe,23,10.419150172671674,10000
10,rosenbrock,history-BJS,23,9.76913965210254,10000
10,rosenbrock,1/5-rule,23,1.0494352941462468,10000
10,rosenbrock,p=0.0,24,7.807075733915691,10000
10,rosenbrock,p=0.01,24,7.181980031524676,10000
10,rosenbrock,p=0.05,24,6.607486165012684,10000
10,rosenbrock,p=0.1,24,8.91452601659028,10000
10,rosenbrock,p=0.2,24,8.514333208087702,10000
10,rosenbrock,p=0.5,24,7.846149507288373,10000
10,rosenbrock,p=1.0,24,2819.270388797029,10000
10,rosenbrock,"p=0.2,sigma=0.03",24,9.56048744216308,10000
10,rosenbrock,"p=0.2,sigma=0.3",24,15.5758715580531,10000
10,rosenbrock,ML-BJS,24,10.69583903342203,10000
10,rosenbrock,ML-BJS free-probe,24,89.94569906930684,10000
10,rosenbrock,history-BJS,24,79.32958224765436,10000
10,rosenbrock,1/5-rule,24,0.7359137296856475,10000
10,rosenbrock,p=0.0,25,7.922825913904179,10000
10,rosenbrock,p=0.01,25,8.673527931202264,10000
10,rosenbrock,p=0.05,25,7.730458188338431,10000
10,rosenbrock,p=0.1,25,9.15587877439609,10000
10,rosenbrock,p=0.2,25,7.30167527319575,10000
10,rosenbrock,p=0.5,25,8.033676573848357,10000
10,rosenbrock,p=1.0,25,2469.374375947402,10000
10,rosenbrock,"p=0.2,sigma=0.03",25,5.477625570584884,10000
10,rosenbrock,"p=0.2,sigma=0.3",25,15.743659253567571,10000
10,rosenbrock,ML-BJS,25,8.705064041353198,10000
10,rosenbrock,ML-BJS free-probe,25,8.671155830422297,10000
10,rosenbrock,history-BJS,25,10.47308744294277,10000
10,rosenbrock,1/5-rule,25,0.31341079714021636,10000
10,rosenbrock,p=0.0,26,10.295052086088472,10000
10,rosenbrock,p=0.01,26,6.468960959294295,10000
10,rosenbrock,p=0.05,26,5.186430239392839,10000
10,rosenbrock,p=0.1,26,9.453510770811103,10000
10,rosenbrock,p=0.2,26,9.730627524930195,10000
10,rosenbrock,p=0.5,26,8.060336682137262,10000
10,rosenbrock,p=1.0,26,1424.5321942376297,10000
10,rosenbrock,"p=0.2,sigma=0.03",26,77.32429954729409,10000
10,rosenbrock,"p=0.2,sigma=0.3",26,14.23353888380501,10000
10,rosenbrock,ML-BJS,26,10.76382395819087,10000
10,rosenbrock,ML-BJS free-probe,26,7.623388808020559,10000
10,rosenbrock,history-BJS,26,9.087808630503309,10000
10,rosenbrock,1/5-rule,26,1.3935496564500403,10000
10,rosenbrock,p=0.0,27,9.032052461047964,10000
10,rosenbrock,p=0.01,27,5.015636631060059,10000
10,rosenbrock,p=0.05,27,7.3907546884240265,10000
10,rosenbrock,p=0.1,27,73.23539102744803,10000
10,rosenbrock,p=0.2,27,9.2083471483243,10000
10,rosenbrock,p=0.5,27,7.0629367557649925,10000
10,rosenbrock,p=1.0,27,2902.762576619088,10000
10,rosenbrock,"p=0.2,sigma=0.03",27,5.914099090738184,10000
10,rosenbrock,"p=0.2,sigma=0.3",27,17.195037254830453,10000
10,rosenbrock,ML-BJS,27,19.669041206925087,10000
10,rosenbrock,ML-BJS free-probe,27,8.361364396063781,10000
10,rosenbrock,history-BJS,27,8.55123378565932,10000
10,rosenbrock,1/5-rule,27,0.9580175053851141,10000
10,rosenbrock,p=0.0,28,9.225195130757239,10000
10,rosenbrock,p=0.01,28,9.061343098320759,10000
10,rosenbrock,p=0.05,28,8.136581213475873,10000
10,rosenbrock,p=0.1,28,8.201249616155105,10000
10,rosenbrock,p=0.2,28,88.05211214608138,10000
10,rosenbrock,p=0.5,28,7.663555732640322,10000
10,rosenbrock,p=1.0,28,1651.6781504279945,10000
10,rosenbrock,"p=0.2,sigma=0.03",28,9.46462545715228,10000
10,rosenbrock,"p=0.2,sigma=0.3",28,21.01325979994054,10000
10,rosenbrock,ML-BJS,28,10.784694284275677,10000
10,rosenbrock,ML-BJS free-probe,28,10.290204104757782,10000
10,rosenbrock,history-BJS,28,7.478311496521435,10000
10,rosenbrock,1/5-rule,28,4.863714442685685,10000
10,rosenbrock,p=0.0,29,7.3281950528013144,10000
10,rosenbrock,p=0.01,29,76.1873229806982,10000
10,rosenbrock,p=0.05,29,9.215855276228988,10000
10,rosenbrock,p=0.1,29,10.308555931700205,10000
10,rosenbrock,p=0.2,29,10.685661804464571,10000
10,rosenbrock,p=0.5,29,7.107115746891859,10000
10,rosenbrock,p=1.0,29,2291.3440414682373,10000
10,rosenbrock,"p=0.2,sigma=0.03",29,5.684756915159878,10000
10,rosenbrock,"p=0.2,sigma=0.3",29,24.79583018852418,10000
10,rosenbrock,ML-BJS,29,126.17457233262563,10000
10,rosenbrock,ML-BJS free-probe,29,9.045488568462645,10000
10,rosenbrock,history-BJS,29,10.898291770436803,10000
10,rosenbrock,1/5-rule,29,1.382001488942623,10000
